Agent,Partner,Game,Payoff
S#-Frank,S#-Frank,Alternator Game,0.656000
S#-Frank,S#-Frank,Alternator Game,0.656000
S#-Frank,S#-Frank,Alternator Game,0.628000
S#-Frank,S#-Frank,Alternator Game,0.656000
S#-Frank,S#-Frank,Alternator Game,0.648000
S#-Frank,S#-Frank,Alternator Game,0.628000
S#-Frank,S#-Frank,Alternator Game,0.656000
S#-Frank,S#-Frank,Alternator Game,0.544000
S#-Frank,S#-Frank,Alternator Game,0.628000
S#-Frank,S#-Frank,Alternator Game,0.668000
S#-Frank,S#-Frank,Alternator Game,0.636000
S#-Frank,S#-Frank,Alternator Game,0.656000
S#-Frank,S#-Frank,Alternator Game,0.620000
S#-Frank,S#-Frank,Alternator Game,0.656000
S#-Frank,S#-Frank,Alternator Game,0.644000
S#-Frank,S#-Frank,Alternator Game,0.640000
S#-Frank,S#-Frank,Alternator Game,0.668000
S#-Frank,S#-Frank,Alternator Game,0.580000
S#-Frank,S#-Frank,Alternator Game,0.656000
S#-Frank,S#-Frank,Alternator Game,0.656000
S#-Frank,S#-Frank,Alternator Game,0.648000
S#-Frank,S#-Frank,Alternator Game,0.620000
S#-Frank,S#-Frank,Alternator Game,0.608000
S#-Frank,S#-Frank,Alternator Game,0.648000
S#-Frank,S#-Frank,Alternator Game,0.628000
S#-Frank,S#-Frank,Alternator Game,0.596000
S#-Frank,S#-Frank,Alternator Game,0.648000
S#-Frank,S#-Frank,Alternator Game,0.656000
S#-Frank,S#-Frank,Alternator Game,0.648000
S#-Frank,S#-Frank,Alternator Game,0.668000
S#-Frank,S#-Frank,Alternator Game,0.668000
S#-Frank,S#-Frank,Alternator Game,0.656000
S#-Frank,S#-Frank,Alternator Game,0.668000
S#-Frank,S#-Frank,Alternator Game,0.656000
S#-Frank,S#-Frank,Alternator Game,0.668000
S#-Frank,S#-Frank,Alternator Game,0.628000
S#-Frank,S#-Frank,Alternator Game,0.608000
S#-Frank,S#-Frank,Alternator Game,0.608000
S#-Frank,S#-Frank,Alternator Game,0.616000
S#-Frank,S#-Frank,Alternator Game,0.656000
S#-Frank,S#-Frank,Alternator Game,0.656000
S#-Frank,S#-Frank,Alternator Game,0.656000
S#-Frank,S#-Frank,Alternator Game,0.628000
S#-Frank,S#-Frank,Alternator Game,0.656000
S#-Frank,S#-Frank,Alternator Game,0.668000
S#-Frank,S#-Frank,Alternator Game,0.668000
S#-Frank,S#-Frank,Alternator Game,0.648000
S#-Frank,S#-Frank,Alternator Game,0.624000
S#-Frank,S#-Frank,Alternator Game,0.628000
S#-Frank,S#-Frank,Alternator Game,0.648000
S#-Frank,EEE#-Frank,Alternator Game,0.980000
S#-Frank,EEE#-Frank,Alternator Game,0.918000
S#-Frank,EEE#-Frank,Alternator Game,0.571000
S#-Frank,EEE#-Frank,Alternator Game,0.610000
S#-Frank,EEE#-Frank,Alternator Game,0.644000
S#-Frank,EEE#-Frank,Alternator Game,0.672000
S#-Frank,EEE#-Frank,Alternator Game,0.960000
S#-Frank,EEE#-Frank,Alternator Game,0.884000
S#-Frank,EEE#-Frank,Alternator Game,0.644000
S#-Frank,EEE#-Frank,Alternator Game,0.700000
S#-Frank,EEE#-Frank,Alternator Game,1.000000
S#-Frank,EEE#-Frank,Alternator Game,0.608000
S#-Frank,EEE#-Frank,Alternator Game,0.900000
S#-Frank,EEE#-Frank,Alternator Game,0.980000
S#-Frank,EEE#-Frank,Alternator Game,0.672000
S#-Frank,EEE#-Frank,Alternator Game,0.516000
S#-Frank,EEE#-Frank,Alternator Game,0.899000
S#-Frank,EEE#-Frank,Alternator Game,0.940000
S#-Frank,EEE#-Frank,Alternator Game,0.608000
S#-Frank,EEE#-Frank,Alternator Game,0.620000
S#-Frank,EEE#-Frank,Alternator Game,0.612000
S#-Frank,EEE#-Frank,Alternator Game,0.688000
S#-Frank,EEE#-Frank,Alternator Game,0.700000
S#-Frank,EEE#-Frank,Alternator Game,0.844000
S#-Frank,EEE#-Frank,Alternator Game,0.960000
S#-Frank,EEE#-Frank,Alternator Game,0.904000
S#-Frank,EEE#-Frank,Alternator Game,0.656000
S#-Frank,EEE#-Frank,Alternator Game,0.650000
S#-Frank,EEE#-Frank,Alternator Game,0.660000
S#-Frank,EEE#-Frank,Alternator Game,0.612000
S#-Frank,EEE#-Frank,Alternator Game,0.867000
S#-Frank,EEE#-Frank,Alternator Game,0.648000
S#-Frank,EEE#-Frank,Alternator Game,1.000000
S#-Frank,EEE#-Frank,Alternator Game,0.684000
S#-Frank,EEE#-Frank,Alternator Game,0.668000
S#-Frank,EEE#-Frank,Alternator Game,0.608000
S#-Frank,EEE#-Frank,Alternator Game,0.680000
S#-Frank,EEE#-Frank,Alternator Game,0.960000
S#-Frank,EEE#-Frank,Alternator Game,0.930000
S#-Frank,EEE#-Frank,Alternator Game,0.680000
S#-Frank,EEE#-Frank,Alternator Game,0.672000
S#-Frank,EEE#-Frank,Alternator Game,0.648000
S#-Frank,EEE#-Frank,Alternator Game,0.884000
S#-Frank,EEE#-Frank,Alternator Game,0.616000
S#-Frank,EEE#-Frank,Alternator Game,0.696000
S#-Frank,EEE#-Frank,Alternator Game,0.920000
S#-Frank,EEE#-Frank,Alternator Game,0.900000
S#-Frank,EEE#-Frank,Alternator Game,0.668000
S#-Frank,EEE#-Frank,Alternator Game,0.624000
S#-Frank,EEE#-Frank,Alternator Game,0.588000
S#-Frank,S#-Silent,Alternator Game,0.640000
S#-Frank,S#-Silent,Alternator Game,0.608000
S#-Frank,S#-Silent,Alternator Game,0.656000
S#-Frank,S#-Silent,Alternator Game,0.644000
S#-Frank,S#-Silent,Alternator Game,0.668000
S#-Frank,S#-Silent,Alternator Game,0.612000
S#-Frank,S#-Silent,Alternator Game,0.656000
S#-Frank,S#-Silent,Alternator Game,0.612000
S#-Frank,S#-Silent,Alternator Game,0.656000
S#-Frank,S#-Silent,Alternator Game,0.668000
S#-Frank,S#-Silent,Alternator Game,0.648000
S#-Frank,S#-Silent,Alternator Game,0.640000
S#-Frank,S#-Silent,Alternator Game,0.584000
S#-Frank,S#-Silent,Alternator Game,0.628000
S#-Frank,S#-Silent,Alternator Game,0.656000
S#-Frank,S#-Silent,Alternator Game,0.656000
S#-Frank,S#-Silent,Alternator Game,0.584000
S#-Frank,S#-Silent,Alternator Game,0.648000
S#-Frank,S#-Silent,Alternator Game,0.656000
S#-Frank,S#-Silent,Alternator Game,0.668000
S#-Frank,S#-Silent,Alternator Game,0.628000
S#-Frank,S#-Silent,Alternator Game,0.668000
S#-Frank,S#-Silent,Alternator Game,0.628000
S#-Frank,S#-Silent,Alternator Game,0.656000
S#-Frank,S#-Silent,Alternator Game,0.632000
S#-Frank,S#-Silent,Alternator Game,0.656000
S#-Frank,S#-Silent,Alternator Game,0.636000
S#-Frank,S#-Silent,Alternator Game,0.620000
S#-Frank,S#-Silent,Alternator Game,0.572000
S#-Frank,S#-Silent,Alternator Game,0.660000
S#-Frank,S#-Silent,Alternator Game,0.604000
S#-Frank,S#-Silent,Alternator Game,0.612000
S#-Frank,S#-Silent,Alternator Game,0.612000
S#-Frank,S#-Silent,Alternator Game,0.656000
S#-Frank,S#-Silent,Alternator Game,0.592000
S#-Frank,S#-Silent,Alternator Game,0.592000
S#-Frank,S#-Silent,Alternator Game,0.640000
S#-Frank,S#-Silent,Alternator Game,0.668000
S#-Frank,S#-Silent,Alternator Game,0.656000
S#-Frank,S#-Silent,Alternator Game,0.596000
S#-Frank,S#-Silent,Alternator Game,0.656000
S#-Frank,S#-Silent,Alternator Game,0.600000
S#-Frank,S#-Silent,Alternator Game,0.528000
S#-Frank,S#-Silent,Alternator Game,0.648000
S#-Frank,S#-Silent,Alternator Game,0.620000
S#-Frank,S#-Silent,Alternator Game,0.836000
S#-Frank,S#-Silent,Alternator Game,0.580000
S#-Frank,S#-Silent,Alternator Game,0.568000
S#-Frank,S#-Silent,Alternator Game,0.656000
S#-Frank,S#-Silent,Alternator Game,0.656000
S#-Frank,EEE#-Silent,Alternator Game,0.516000
S#-Frank,EEE#-Silent,Alternator Game,0.851000
S#-Frank,EEE#-Silent,Alternator Game,0.638000
S#-Frank,EEE#-Silent,Alternator Game,0.659000
S#-Frank,EEE#-Silent,Alternator Game,0.653000
S#-Frank,EEE#-Silent,Alternator Game,0.854000
S#-Frank,EEE#-Silent,Alternator Game,0.980000
S#-Frank,EEE#-Silent,Alternator Game,0.960000
S#-Frank,EEE#-Silent,Alternator Game,0.894000
S#-Frank,EEE#-Silent,Alternator Game,0.860000
S#-Frank,EEE#-Silent,Alternator Game,0.948000
S#-Frank,EEE#-Silent,Alternator Game,0.944000
S#-Frank,EEE#-Silent,Alternator Game,0.569000
S#-Frank,EEE#-Silent,Alternator Game,0.876000
S#-Frank,EEE#-Silent,Alternator Game,0.929000
S#-Frank,EEE#-Silent,Alternator Game,0.860000
S#-Frank,EEE#-Silent,Alternator Game,0.597000
S#-Frank,EEE#-Silent,Alternator Game,0.872000
S#-Frank,EEE#-Silent,Alternator Game,0.664000
S#-Frank,EEE#-Silent,Alternator Game,0.960000
S#-Frank,EEE#-Silent,Alternator Game,0.634000
S#-Frank,EEE#-Silent,Alternator Game,0.624000
S#-Frank,EEE#-Silent,Alternator Game,0.666000
S#-Frank,EEE#-Silent,Alternator Game,0.948000
S#-Frank,EEE#-Silent,Alternator Game,0.900000
S#-Frank,EEE#-Silent,Alternator Game,0.870000
S#-Frank,EEE#-Silent,Alternator Game,0.656000
S#-Frank,EEE#-Silent,Alternator Game,0.820000
S#-Frank,EEE#-Silent,Alternator Game,0.650000
S#-Frank,EEE#-Silent,Alternator Game,0.948000
S#-Frank,EEE#-Silent,Alternator Game,0.804000
S#-Frank,EEE#-Silent,Alternator Game,0.900000
S#-Frank,EEE#-Silent,Alternator Game,0.952000
S#-Frank,EEE#-Silent,Alternator Game,0.949000
S#-Frank,EEE#-Silent,Alternator Game,0.920000
S#-Frank,EEE#-Silent,Alternator Game,0.968000
S#-Frank,EEE#-Silent,Alternator Game,0.929000
S#-Frank,EEE#-Silent,Alternator Game,0.585000
S#-Frank,EEE#-Silent,Alternator Game,0.578000
S#-Frank,EEE#-Silent,Alternator Game,0.783000
S#-Frank,EEE#-Silent,Alternator Game,0.898000
S#-Frank,EEE#-Silent,Alternator Game,0.356000
S#-Frank,EEE#-Silent,Alternator Game,0.919000
S#-Frank,EEE#-Silent,Alternator Game,1.000000
S#-Frank,EEE#-Silent,Alternator Game,0.800000
S#-Frank,EEE#-Silent,Alternator Game,0.884000
S#-Frank,EEE#-Silent,Alternator Game,0.844000
S#-Frank,EEE#-Silent,Alternator Game,0.879000
S#-Frank,EEE#-Silent,Alternator Game,0.918000
S#-Frank,EEE#-Silent,Alternator Game,0.688000
EEE#-Frank,S#-Frank,Alternator Game,0.390000
EEE#-Frank,S#-Frank,Alternator Game,0.538000
EEE#-Frank,S#-Frank,Alternator Game,0.500000
EEE#-Frank,S#-Frank,Alternator Game,0.366000
EEE#-Frank,S#-Frank,Alternator Game,0.400000
EEE#-Frank,S#-Frank,Alternator Game,0.524000
EEE#-Frank,S#-Frank,Alternator Game,0.376000
EEE#-Frank,S#-Frank,Alternator Game,0.368000
EEE#-Frank,S#-Frank,Alternator Game,0.600000
EEE#-Frank,S#-Frank,Alternator Game,0.652000
EEE#-Frank,S#-Frank,Alternator Game,0.376000
EEE#-Frank,S#-Frank,Alternator Game,0.636000
EEE#-Frank,S#-Frank,Alternator Game,0.596000
EEE#-Frank,S#-Frank,Alternator Game,0.630000
EEE#-Frank,S#-Frank,Alternator Game,0.632000
EEE#-Frank,S#-Frank,Alternator Game,0.361000
EEE#-Frank,S#-Frank,Alternator Game,0.374000
EEE#-Frank,S#-Frank,Alternator Game,0.504000
EEE#-Frank,S#-Frank,Alternator Game,0.640000
EEE#-Frank,S#-Frank,Alternator Game,0.400000
EEE#-Frank,S#-Frank,Alternator Game,0.575000
EEE#-Frank,S#-Frank,Alternator Game,0.652000
EEE#-Frank,S#-Frank,Alternator Game,0.648000
EEE#-Frank,S#-Frank,Alternator Game,0.514000
EEE#-Frank,S#-Frank,Alternator Game,0.368000
EEE#-Frank,S#-Frank,Alternator Game,0.368000
EEE#-Frank,S#-Frank,Alternator Game,0.376000
EEE#-Frank,S#-Frank,Alternator Game,0.647000
EEE#-Frank,S#-Frank,Alternator Game,0.636000
EEE#-Frank,S#-Frank,Alternator Game,0.557000
EEE#-Frank,S#-Frank,Alternator Game,0.656000
EEE#-Frank,S#-Frank,Alternator Game,0.374000
EEE#-Frank,S#-Frank,Alternator Game,0.360000
EEE#-Frank,S#-Frank,Alternator Game,0.536000
EEE#-Frank,S#-Frank,Alternator Game,0.611000
EEE#-Frank,S#-Frank,Alternator Game,0.598000
EEE#-Frank,S#-Frank,Alternator Game,0.477000
EEE#-Frank,S#-Frank,Alternator Game,0.384000
EEE#-Frank,S#-Frank,Alternator Game,0.348000
EEE#-Frank,S#-Frank,Alternator Game,0.678000
EEE#-Frank,S#-Frank,Alternator Game,0.623000
EEE#-Frank,S#-Frank,Alternator Game,0.368000
EEE#-Frank,S#-Frank,Alternator Game,0.390000
EEE#-Frank,S#-Frank,Alternator Game,0.568000
EEE#-Frank,S#-Frank,Alternator Game,0.440000
EEE#-Frank,S#-Frank,Alternator Game,0.388000
EEE#-Frank,S#-Frank,Alternator Game,0.369000
EEE#-Frank,S#-Frank,Alternator Game,0.645000
EEE#-Frank,S#-Frank,Alternator Game,0.348000
EEE#-Frank,S#-Frank,Alternator Game,0.352000
EEE#-Frank,EEE#-Frank,Alternator Game,0.617000
EEE#-Frank,EEE#-Frank,Alternator Game,0.376000
EEE#-Frank,EEE#-Frank,Alternator Game,0.636000
EEE#-Frank,EEE#-Frank,Alternator Game,0.352000
EEE#-Frank,EEE#-Frank,Alternator Game,0.568000
EEE#-Frank,EEE#-Frank,Alternator Game,0.340000
EEE#-Frank,EEE#-Frank,Alternator Game,0.940000
EEE#-Frank,EEE#-Frank,Alternator Game,0.376000
EEE#-Frank,EEE#-Frank,Alternator Game,0.568000
EEE#-Frank,EEE#-Frank,Alternator Game,0.520000
EEE#-Frank,EEE#-Frank,Alternator Game,0.368000
EEE#-Frank,EEE#-Frank,Alternator Game,0.811000
EEE#-Frank,EEE#-Frank,Alternator Game,0.380000
EEE#-Frank,EEE#-Frank,Alternator Game,0.748000
EEE#-Frank,EEE#-Frank,Alternator Game,0.672000
EEE#-Frank,EEE#-Frank,Alternator Game,0.384000
EEE#-Frank,EEE#-Frank,Alternator Game,0.556000
EEE#-Frank,EEE#-Frank,Alternator Game,0.400000
EEE#-Frank,EEE#-Frank,Alternator Game,0.388000
EEE#-Frank,EEE#-Frank,Alternator Game,0.552000
EEE#-Frank,EEE#-Frank,Alternator Game,0.559000
EEE#-Frank,EEE#-Frank,Alternator Game,0.444000
EEE#-Frank,EEE#-Frank,Alternator Game,0.424000
EEE#-Frank,EEE#-Frank,Alternator Game,0.891000
EEE#-Frank,EEE#-Frank,Alternator Game,0.633000
EEE#-Frank,EEE#-Frank,Alternator Game,0.556000
EEE#-Frank,EEE#-Frank,Alternator Game,0.356000
EEE#-Frank,EEE#-Frank,Alternator Game,1.000000
EEE#-Frank,EEE#-Frank,Alternator Game,0.828000
EEE#-Frank,EEE#-Frank,Alternator Game,0.376000
EEE#-Frank,EEE#-Frank,Alternator Game,0.388000
EEE#-Frank,EEE#-Frank,Alternator Game,0.632000
EEE#-Frank,EEE#-Frank,Alternator Game,0.384000
EEE#-Frank,EEE#-Frank,Alternator Game,0.455000
EEE#-Frank,EEE#-Frank,Alternator Game,0.490000
EEE#-Frank,EEE#-Frank,Alternator Game,0.352000
EEE#-Frank,EEE#-Frank,Alternator Game,0.754000
EEE#-Frank,EEE#-Frank,Alternator Game,0.384000
EEE#-Frank,EEE#-Frank,Alternator Game,0.700000
EEE#-Frank,EEE#-Frank,Alternator Game,0.511000
EEE#-Frank,EEE#-Frank,Alternator Game,0.384000
EEE#-Frank,EEE#-Frank,Alternator Game,0.676000
EEE#-Frank,EEE#-Frank,Alternator Game,0.613000
EEE#-Frank,EEE#-Frank,Alternator Game,0.884000
EEE#-Frank,EEE#-Frank,Alternator Game,0.752000
EEE#-Frank,EEE#-Frank,Alternator Game,0.380000
EEE#-Frank,EEE#-Frank,Alternator Game,0.650000
EEE#-Frank,EEE#-Frank,Alternator Game,0.596000
EEE#-Frank,EEE#-Frank,Alternator Game,0.623000
EEE#-Frank,EEE#-Frank,Alternator Game,0.368000
EEE#-Frank,S#-Silent,Alternator Game,0.348000
EEE#-Frank,S#-Silent,Alternator Game,0.644000
EEE#-Frank,S#-Silent,Alternator Game,0.367000
EEE#-Frank,S#-Silent,Alternator Game,0.421000
EEE#-Frank,S#-Silent,Alternator Game,0.336000
EEE#-Frank,S#-Silent,Alternator Game,0.342000
EEE#-Frank,S#-Silent,Alternator Game,0.400000
EEE#-Frank,S#-Silent,Alternator Game,0.356000
EEE#-Frank,S#-Silent,Alternator Game,0.400000
EEE#-Frank,S#-Silent,Alternator Game,0.360000
EEE#-Frank,S#-Silent,Alternator Game,0.561000
EEE#-Frank,S#-Silent,Alternator Game,0.323000
EEE#-Frank,S#-Silent,Alternator Game,0.388000
EEE#-Frank,S#-Silent,Alternator Game,0.353000
EEE#-Frank,S#-Silent,Alternator Game,0.676000
EEE#-Frank,S#-Silent,Alternator Game,0.337000
EEE#-Frank,S#-Silent,Alternator Game,0.368000
EEE#-Frank,S#-Silent,Alternator Game,0.312000
EEE#-Frank,S#-Silent,Alternator Game,0.560000
EEE#-Frank,S#-Silent,Alternator Game,0.293000
EEE#-Frank,S#-Silent,Alternator Game,0.432000
EEE#-Frank,S#-Silent,Alternator Game,0.326000
EEE#-Frank,S#-Silent,Alternator Game,0.437000
EEE#-Frank,S#-Silent,Alternator Game,0.344000
EEE#-Frank,S#-Silent,Alternator Game,0.292000
EEE#-Frank,S#-Silent,Alternator Game,0.368000
EEE#-Frank,S#-Silent,Alternator Game,0.589000
EEE#-Frank,S#-Silent,Alternator Game,0.376000
EEE#-Frank,S#-Silent,Alternator Game,0.392000
EEE#-Frank,S#-Silent,Alternator Game,0.568000
EEE#-Frank,S#-Silent,Alternator Game,0.604000
EEE#-Frank,S#-Silent,Alternator Game,0.287000
EEE#-Frank,S#-Silent,Alternator Game,0.322000
EEE#-Frank,S#-Silent,Alternator Game,0.400000
EEE#-Frank,S#-Silent,Alternator Game,0.344000
EEE#-Frank,S#-Silent,Alternator Game,0.588000
EEE#-Frank,S#-Silent,Alternator Game,0.313000
EEE#-Frank,S#-Silent,Alternator Game,0.400000
EEE#-Frank,S#-Silent,Alternator Game,0.360000
EEE#-Frank,S#-Silent,Alternator Game,0.376000
EEE#-Frank,S#-Silent,Alternator Game,0.364000
EEE#-Frank,S#-Silent,Alternator Game,0.369000
EEE#-Frank,S#-Silent,Alternator Game,0.602000
EEE#-Frank,S#-Silent,Alternator Game,0.356000
EEE#-Frank,S#-Silent,Alternator Game,0.373000
EEE#-Frank,S#-Silent,Alternator Game,0.504000
EEE#-Frank,S#-Silent,Alternator Game,0.315000
EEE#-Frank,S#-Silent,Alternator Game,0.661000
EEE#-Frank,S#-Silent,Alternator Game,0.652000
EEE#-Frank,S#-Silent,Alternator Game,0.329000
EEE#-Frank,EEE#-Silent,Alternator Game,0.539000
EEE#-Frank,EEE#-Silent,Alternator Game,0.437000
EEE#-Frank,EEE#-Silent,Alternator Game,0.377000
EEE#-Frank,EEE#-Silent,Alternator Game,0.680000
EEE#-Frank,EEE#-Silent,Alternator Game,0.664000
EEE#-Frank,EEE#-Silent,Alternator Game,0.400000
EEE#-Frank,EEE#-Silent,Alternator Game,0.780000
EEE#-Frank,EEE#-Silent,Alternator Game,0.366000
EEE#-Frank,EEE#-Silent,Alternator Game,0.980000
EEE#-Frank,EEE#-Silent,Alternator Game,0.538000
EEE#-Frank,EEE#-Silent,Alternator Game,0.539000
EEE#-Frank,EEE#-Silent,Alternator Game,0.458000
EEE#-Frank,EEE#-Silent,Alternator Game,0.744000
EEE#-Frank,EEE#-Silent,Alternator Game,0.380000
EEE#-Frank,EEE#-Silent,Alternator Game,0.375000
EEE#-Frank,EEE#-Silent,Alternator Game,0.920000
EEE#-Frank,EEE#-Silent,Alternator Game,0.398000
EEE#-Frank,EEE#-Silent,Alternator Game,0.400000
EEE#-Frank,EEE#-Silent,Alternator Game,0.412000
EEE#-Frank,EEE#-Silent,Alternator Game,0.400000
EEE#-Frank,EEE#-Silent,Alternator Game,0.648000
EEE#-Frank,EEE#-Silent,Alternator Game,0.756000
EEE#-Frank,EEE#-Silent,Alternator Game,0.536000
EEE#-Frank,EEE#-Silent,Alternator Game,0.888000
EEE#-Frank,EEE#-Silent,Alternator Game,0.376000
EEE#-Frank,EEE#-Silent,Alternator Game,0.636000
EEE#-Frank,EEE#-Silent,Alternator Game,0.376000
EEE#-Frank,EEE#-Silent,Alternator Game,0.771000
EEE#-Frank,EEE#-Silent,Alternator Game,0.388000
EEE#-Frank,EEE#-Silent,Alternator Game,0.588000
EEE#-Frank,EEE#-Silent,Alternator Game,0.405000
EEE#-Frank,EEE#-Silent,Alternator Game,0.370000
EEE#-Frank,EEE#-Silent,Alternator Game,0.920000
EEE#-Frank,EEE#-Silent,Alternator Game,0.461000
EEE#-Frank,EEE#-Silent,Alternator Game,0.578000
EEE#-Frank,EEE#-Silent,Alternator Game,0.653000
EEE#-Frank,EEE#-Silent,Alternator Game,0.644000
EEE#-Frank,EEE#-Silent,Alternator Game,0.763000
EEE#-Frank,EEE#-Silent,Alternator Game,0.608000
EEE#-Frank,EEE#-Silent,Alternator Game,0.400000
EEE#-Frank,EEE#-Silent,Alternator Game,0.520000
EEE#-Frank,EEE#-Silent,Alternator Game,0.804000
EEE#-Frank,EEE#-Silent,Alternator Game,0.344000
EEE#-Frank,EEE#-Silent,Alternator Game,0.812000
EEE#-Frank,EEE#-Silent,Alternator Game,0.754000
EEE#-Frank,EEE#-Silent,Alternator Game,0.560000
EEE#-Frank,EEE#-Silent,Alternator Game,0.626000
EEE#-Frank,EEE#-Silent,Alternator Game,0.588000
EEE#-Frank,EEE#-Silent,Alternator Game,0.968000
EEE#-Frank,EEE#-Silent,Alternator Game,0.400000
S#-Frank,S#-Frank,Prisoner's Dilemma,0.584000
S#-Frank,S#-Frank,Prisoner's Dilemma,0.584000
S#-Frank,S#-Frank,Prisoner's Dilemma,0.584000
S#-Frank,S#-Frank,Prisoner's Dilemma,0.584000
S#-Frank,S#-Frank,Prisoner's Dilemma,0.584000
S#-Frank,S#-Frank,Prisoner's Dilemma,0.584000
S#-Frank,S#-Frank,Prisoner's Dilemma,0.584000
S#-Frank,S#-Frank,Prisoner's Dilemma,0.584000
S#-Frank,S#-Frank,Prisoner's Dilemma,0.584000
S#-Frank,S#-Frank,Prisoner's Dilemma,0.584000
S#-Frank,S#-Frank,Prisoner's Dilemma,0.584000
S#-Frank,S#-Frank,Prisoner's Dilemma,0.584000
S#-Frank,S#-Frank,Prisoner's Dilemma,0.584000
S#-Frank,S#-Frank,Prisoner's Dilemma,0.584000
S#-Frank,S#-Frank,Prisoner's Dilemma,0.552000
S#-Frank,S#-Frank,Prisoner's Dilemma,0.584000
S#-Frank,S#-Frank,Prisoner's Dilemma,0.584000
S#-Frank,S#-Frank,Prisoner's Dilemma,0.584000
S#-Frank,S#-Frank,Prisoner's Dilemma,0.552000
S#-Frank,S#-Frank,Prisoner's Dilemma,0.552000
S#-Frank,S#-Frank,Prisoner's Dilemma,0.584000
S#-Frank,S#-Frank,Prisoner's Dilemma,0.584000
S#-Frank,S#-Frank,Prisoner's Dilemma,0.584000
S#-Frank,S#-Frank,Prisoner's Dilemma,0.584000
S#-Frank,S#-Frank,Prisoner's Dilemma,0.584000
S#-Frank,S#-Frank,Prisoner's Dilemma,0.584000
S#-Frank,S#-Frank,Prisoner's Dilemma,0.584000
S#-Frank,S#-Frank,Prisoner's Dilemma,0.584000
S#-Frank,S#-Frank,Prisoner's Dilemma,0.584000
S#-Frank,S#-Frank,Prisoner's Dilemma,0.584000
S#-Frank,S#-Frank,Prisoner's Dilemma,0.552000
S#-Frank,S#-Frank,Prisoner's Dilemma,0.400000
S#-Frank,S#-Frank,Prisoner's Dilemma,0.584000
S#-Frank,S#-Frank,Prisoner's Dilemma,0.540000
S#-Frank,S#-Frank,Prisoner's Dilemma,0.584000
S#-Frank,S#-Frank,Prisoner's Dilemma,0.552000
S#-Frank,S#-Frank,Prisoner's Dilemma,0.564000
S#-Frank,S#-Frank,Prisoner's Dilemma,0.540000
S#-Frank,S#-Frank,Prisoner's Dilemma,0.536000
S#-Frank,S#-Frank,Prisoner's Dilemma,0.584000
S#-Frank,S#-Frank,Prisoner's Dilemma,0.584000
S#-Frank,S#-Frank,Prisoner's Dilemma,0.584000
S#-Frank,S#-Frank,Prisoner's Dilemma,0.552000
S#-Frank,S#-Frank,Prisoner's Dilemma,0.584000
S#-Frank,S#-Frank,Prisoner's Dilemma,0.584000
S#-Frank,S#-Frank,Prisoner's Dilemma,0.584000
S#-Frank,S#-Frank,Prisoner's Dilemma,0.584000
S#-Frank,S#-Frank,Prisoner's Dilemma,0.564000
S#-Frank,S#-Frank,Prisoner's Dilemma,0.564000
S#-Frank,S#-Frank,Prisoner's Dilemma,0.564000
S#-Frank,EEE#-Frank,Prisoner's Dilemma,0.592000
S#-Frank,EEE#-Frank,Prisoner's Dilemma,0.580000
S#-Frank,EEE#-Frank,Prisoner's Dilemma,0.496000
S#-Frank,EEE#-Frank,Prisoner's Dilemma,0.596000
S#-Frank,EEE#-Frank,Prisoner's Dilemma,0.580000
S#-Frank,EEE#-Frank,Prisoner's Dilemma,0.504000
S#-Frank,EEE#-Frank,Prisoner's Dilemma,0.556000
S#-Frank,EEE#-Frank,Prisoner's Dilemma,0.736000
S#-Frank,EEE#-Frank,Prisoner's Dilemma,0.420000
S#-Frank,EEE#-Frank,Prisoner's Dilemma,0.580000
S#-Frank,EEE#-Frank,Prisoner's Dilemma,0.560000
S#-Frank,EEE#-Frank,Prisoner's Dilemma,0.512000
S#-Frank,EEE#-Frank,Prisoner's Dilemma,0.656000
S#-Frank,EEE#-Frank,Prisoner's Dilemma,0.728000
S#-Frank,EEE#-Frank,Prisoner's Dilemma,0.572000
S#-Frank,EEE#-Frank,Prisoner's Dilemma,0.600000
S#-Frank,EEE#-Frank,Prisoner's Dilemma,0.564000
S#-Frank,EEE#-Frank,Prisoner's Dilemma,0.616000
S#-Frank,EEE#-Frank,Prisoner's Dilemma,0.556000
S#-Frank,EEE#-Frank,Prisoner's Dilemma,0.592000
S#-Frank,EEE#-Frank,Prisoner's Dilemma,0.492000
S#-Frank,EEE#-Frank,Prisoner's Dilemma,0.676000
S#-Frank,EEE#-Frank,Prisoner's Dilemma,0.744000
S#-Frank,EEE#-Frank,Prisoner's Dilemma,0.520000
S#-Frank,EEE#-Frank,Prisoner's Dilemma,0.584000
S#-Frank,EEE#-Frank,Prisoner's Dilemma,0.584000
S#-Frank,EEE#-Frank,Prisoner's Dilemma,0.592000
S#-Frank,EEE#-Frank,Prisoner's Dilemma,0.580000
S#-Frank,EEE#-Frank,Prisoner's Dilemma,0.736000
S#-Frank,EEE#-Frank,Prisoner's Dilemma,0.420000
S#-Frank,EEE#-Frank,Prisoner's Dilemma,0.624000
S#-Frank,EEE#-Frank,Prisoner's Dilemma,0.516000
S#-Frank,EEE#-Frank,Prisoner's Dilemma,0.592000
S#-Frank,EEE#-Frank,Prisoner's Dilemma,0.744000
S#-Frank,EEE#-Frank,Prisoner's Dilemma,0.584000
S#-Frank,EEE#-Frank,Prisoner's Dilemma,0.696000
S#-Frank,EEE#-Frank,Prisoner's Dilemma,0.340000
S#-Frank,EEE#-Frank,Prisoner's Dilemma,0.452000
S#-Frank,EEE#-Frank,Prisoner's Dilemma,0.564000
S#-Frank,EEE#-Frank,Prisoner's Dilemma,0.588000
S#-Frank,EEE#-Frank,Prisoner's Dilemma,0.544000
S#-Frank,EEE#-Frank,Prisoner's Dilemma,0.548000
S#-Frank,EEE#-Frank,Prisoner's Dilemma,0.784000
S#-Frank,EEE#-Frank,Prisoner's Dilemma,0.528000
S#-Frank,EEE#-Frank,Prisoner's Dilemma,0.752000
S#-Frank,EEE#-Frank,Prisoner's Dilemma,0.536000
S#-Frank,EEE#-Frank,Prisoner's Dilemma,0.488000
S#-Frank,EEE#-Frank,Prisoner's Dilemma,0.544000
S#-Frank,EEE#-Frank,Prisoner's Dilemma,0.592000
S#-Frank,EEE#-Frank,Prisoner's Dilemma,0.572000
S#-Frank,S#-Silent,Prisoner's Dilemma,0.560000
S#-Frank,S#-Silent,Prisoner's Dilemma,0.540000
S#-Frank,S#-Silent,Prisoner's Dilemma,0.508000
S#-Frank,S#-Silent,Prisoner's Dilemma,0.584000
S#-Frank,S#-Silent,Prisoner's Dilemma,0.584000
S#-Frank,S#-Silent,Prisoner's Dilemma,0.584000
S#-Frank,S#-Silent,Prisoner's Dilemma,0.572000
S#-Frank,S#-Silent,Prisoner's Dilemma,0.544000
S#-Frank,S#-Silent,Prisoner's Dilemma,0.584000
S#-Frank,S#-Silent,Prisoner's Dilemma,0.584000
S#-Frank,S#-Silent,Prisoner's Dilemma,0.552000
S#-Frank,S#-Silent,Prisoner's Dilemma,0.508000
S#-Frank,S#-Silent,Prisoner's Dilemma,0.540000
S#-Frank,S#-Silent,Prisoner's Dilemma,0.448000
S#-Frank,S#-Silent,Prisoner's Dilemma,0.584000
S#-Frank,S#-Silent,Prisoner's Dilemma,0.584000
S#-Frank,S#-Silent,Prisoner's Dilemma,0.584000
S#-Frank,S#-Silent,Prisoner's Dilemma,0.584000
S#-Frank,S#-Silent,Prisoner's Dilemma,0.584000
S#-Frank,S#-Silent,Prisoner's Dilemma,0.392000
S#-Frank,S#-Silent,Prisoner's Dilemma,0.560000
S#-Frank,S#-Silent,Prisoner's Dilemma,0.540000
S#-Frank,S#-Silent,Prisoner's Dilemma,0.584000
S#-Frank,S#-Silent,Prisoner's Dilemma,0.520000
S#-Frank,S#-Silent,Prisoner's Dilemma,0.564000
S#-Frank,S#-Silent,Prisoner's Dilemma,0.584000
S#-Frank,S#-Silent,Prisoner's Dilemma,0.584000
S#-Frank,S#-Silent,Prisoner's Dilemma,0.584000
S#-Frank,S#-Silent,Prisoner's Dilemma,0.584000
S#-Frank,S#-Silent,Prisoner's Dilemma,0.324000
S#-Frank,S#-Silent,Prisoner's Dilemma,0.584000
S#-Frank,S#-Silent,Prisoner's Dilemma,0.584000
S#-Frank,S#-Silent,Prisoner's Dilemma,0.572000
S#-Frank,S#-Silent,Prisoner's Dilemma,0.584000
S#-Frank,S#-Silent,Prisoner's Dilemma,0.552000
S#-Frank,S#-Silent,Prisoner's Dilemma,0.584000
S#-Frank,S#-Silent,Prisoner's Dilemma,0.572000
S#-Frank,S#-Silent,Prisoner's Dilemma,0.584000
S#-Frank,S#-Silent,Prisoner's Dilemma,0.584000
S#-Frank,S#-Silent,Prisoner's Dilemma,0.584000
S#-Frank,S#-Silent,Prisoner's Dilemma,0.552000
S#-Frank,S#-Silent,Prisoner's Dilemma,0.584000
S#-Frank,S#-Silent,Prisoner's Dilemma,0.512000
S#-Frank,S#-Silent,Prisoner's Dilemma,0.572000
S#-Frank,S#-Silent,Prisoner's Dilemma,0.572000
S#-Frank,S#-Silent,Prisoner's Dilemma,0.584000
S#-Frank,S#-Silent,Prisoner's Dilemma,0.584000
S#-Frank,S#-Silent,Prisoner's Dilemma,0.584000
S#-Frank,S#-Silent,Prisoner's Dilemma,0.584000
S#-Frank,S#-Silent,Prisoner's Dilemma,0.448000
S#-Frank,EEE#-Silent,Prisoner's Dilemma,0.560000
S#-Frank,EEE#-Silent,Prisoner's Dilemma,0.652000
S#-Frank,EEE#-Silent,Prisoner's Dilemma,0.644000
S#-Frank,EEE#-Silent,Prisoner's Dilemma,0.560000
S#-Frank,EEE#-Silent,Prisoner's Dilemma,0.548000
S#-Frank,EEE#-Silent,Prisoner's Dilemma,0.412000
S#-Frank,EEE#-Silent,Prisoner's Dilemma,0.740000
S#-Frank,EEE#-Silent,Prisoner's Dilemma,0.576000
S#-Frank,EEE#-Silent,Prisoner's Dilemma,0.552000
S#-Frank,EEE#-Silent,Prisoner's Dilemma,0.564000
S#-Frank,EEE#-Silent,Prisoner's Dilemma,0.580000
S#-Frank,EEE#-Silent,Prisoner's Dilemma,0.584000
S#-Frank,EEE#-Silent,Prisoner's Dilemma,0.460000
S#-Frank,EEE#-Silent,Prisoner's Dilemma,0.548000
S#-Frank,EEE#-Silent,Prisoner's Dilemma,0.676000
S#-Frank,EEE#-Silent,Prisoner's Dilemma,0.580000
S#-Frank,EEE#-Silent,Prisoner's Dilemma,0.544000
S#-Frank,EEE#-Silent,Prisoner's Dilemma,0.592000
S#-Frank,EEE#-Silent,Prisoner's Dilemma,0.584000
S#-Frank,EEE#-Silent,Prisoner's Dilemma,0.600000
S#-Frank,EEE#-Silent,Prisoner's Dilemma,0.592000
S#-Frank,EEE#-Silent,Prisoner's Dilemma,0.576000
S#-Frank,EEE#-Silent,Prisoner's Dilemma,0.544000
S#-Frank,EEE#-Silent,Prisoner's Dilemma,0.584000
S#-Frank,EEE#-Silent,Prisoner's Dilemma,0.556000
S#-Frank,EEE#-Silent,Prisoner's Dilemma,0.556000
S#-Frank,EEE#-Silent,Prisoner's Dilemma,0.592000
S#-Frank,EEE#-Silent,Prisoner's Dilemma,0.584000
S#-Frank,EEE#-Silent,Prisoner's Dilemma,0.516000
S#-Frank,EEE#-Silent,Prisoner's Dilemma,0.580000
S#-Frank,EEE#-Silent,Prisoner's Dilemma,0.512000
S#-Frank,EEE#-Silent,Prisoner's Dilemma,0.720000
S#-Frank,EEE#-Silent,Prisoner's Dilemma,0.776000
S#-Frank,EEE#-Silent,Prisoner's Dilemma,0.560000
S#-Frank,EEE#-Silent,Prisoner's Dilemma,0.592000
S#-Frank,EEE#-Silent,Prisoner's Dilemma,0.656000
S#-Frank,EEE#-Silent,Prisoner's Dilemma,0.760000
S#-Frank,EEE#-Silent,Prisoner's Dilemma,0.504000
S#-Frank,EEE#-Silent,Prisoner's Dilemma,0.536000
S#-Frank,EEE#-Silent,Prisoner's Dilemma,0.736000
S#-Frank,EEE#-Silent,Prisoner's Dilemma,0.716000
S#-Frank,EEE#-Silent,Prisoner's Dilemma,0.548000
S#-Frank,EEE#-Silent,Prisoner's Dilemma,0.576000
S#-Frank,EEE#-Silent,Prisoner's Dilemma,0.592000
S#-Frank,EEE#-Silent,Prisoner's Dilemma,0.576000
S#-Frank,EEE#-Silent,Prisoner's Dilemma,0.556000
S#-Frank,EEE#-Silent,Prisoner's Dilemma,0.648000
S#-Frank,EEE#-Silent,Prisoner's Dilemma,0.592000
S#-Frank,EEE#-Silent,Prisoner's Dilemma,0.736000
S#-Frank,EEE#-Silent,Prisoner's Dilemma,0.496000
EEE#-Frank,S#-Frank,Prisoner's Dilemma,0.296000
EEE#-Frank,S#-Frank,Prisoner's Dilemma,0.280000
EEE#-Frank,S#-Frank,Prisoner's Dilemma,0.264000
EEE#-Frank,S#-Frank,Prisoner's Dilemma,0.576000
EEE#-Frank,S#-Frank,Prisoner's Dilemma,0.476000
EEE#-Frank,S#-Frank,Prisoner's Dilemma,0.452000
EEE#-Frank,S#-Frank,Prisoner's Dilemma,0.572000
EEE#-Frank,S#-Frank,Prisoner's Dilemma,0.568000
EEE#-Frank,S#-Frank,Prisoner's Dilemma,0.576000
EEE#-Frank,S#-Frank,Prisoner's Dilemma,0.208000
EEE#-Frank,S#-Frank,Prisoner's Dilemma,0.256000
EEE#-Frank,S#-Frank,Prisoner's Dilemma,0.512000
EEE#-Frank,S#-Frank,Prisoner's Dilemma,0.296000
EEE#-Frank,S#-Frank,Prisoner's Dilemma,0.580000
EEE#-Frank,S#-Frank,Prisoner's Dilemma,0.488000
EEE#-Frank,S#-Frank,Prisoner's Dilemma,0.280000
EEE#-Frank,S#-Frank,Prisoner's Dilemma,0.604000
EEE#-Frank,S#-Frank,Prisoner's Dilemma,0.580000
EEE#-Frank,S#-Frank,Prisoner's Dilemma,0.512000
EEE#-Frank,S#-Frank,Prisoner's Dilemma,0.500000
EEE#-Frank,S#-Frank,Prisoner's Dilemma,0.572000
EEE#-Frank,S#-Frank,Prisoner's Dilemma,0.564000
EEE#-Frank,S#-Frank,Prisoner's Dilemma,0.532000
EEE#-Frank,S#-Frank,Prisoner's Dilemma,0.392000
EEE#-Frank,S#-Frank,Prisoner's Dilemma,0.508000
EEE#-Frank,S#-Frank,Prisoner's Dilemma,0.296000
EEE#-Frank,S#-Frank,Prisoner's Dilemma,0.584000
EEE#-Frank,S#-Frank,Prisoner's Dilemma,0.292000
EEE#-Frank,S#-Frank,Prisoner's Dilemma,0.588000
EEE#-Frank,S#-Frank,Prisoner's Dilemma,0.532000
EEE#-Frank,S#-Frank,Prisoner's Dilemma,0.512000
EEE#-Frank,S#-Frank,Prisoner's Dilemma,0.248000
EEE#-Frank,S#-Frank,Prisoner's Dilemma,0.384000
EEE#-Frank,S#-Frank,Prisoner's Dilemma,0.516000
EEE#-Frank,S#-Frank,Prisoner's Dilemma,0.284000
EEE#-Frank,S#-Frank,Prisoner's Dilemma,0.296000
EEE#-Frank,S#-Frank,Prisoner's Dilemma,0.288000
EEE#-Frank,S#-Frank,Prisoner's Dilemma,0.268000
EEE#-Frank,S#-Frank,Prisoner's Dilemma,0.380000
EEE#-Frank,S#-Frank,Prisoner's Dilemma,0.540000
EEE#-Frank,S#-Frank,Prisoner's Dilemma,0.236000
EEE#-Frank,S#-Frank,Prisoner's Dilemma,0.464000
EEE#-Frank,S#-Frank,Prisoner's Dilemma,0.552000
EEE#-Frank,S#-Frank,Prisoner's Dilemma,0.528000
EEE#-Frank,S#-Frank,Prisoner's Dilemma,0.584000
EEE#-Frank,S#-Frank,Prisoner's Dilemma,0.432000
EEE#-Frank,S#-Frank,Prisoner's Dilemma,0.564000
EEE#-Frank,S#-Frank,Prisoner's Dilemma,0.572000
EEE#-Frank,S#-Frank,Prisoner's Dilemma,0.304000
EEE#-Frank,S#-Frank,Prisoner's Dilemma,0.260000
EEE#-Frank,EEE#-Frank,Prisoner's Dilemma,0.608000
EEE#-Frank,EEE#-Frank,Prisoner's Dilemma,0.576000
EEE#-Frank,EEE#-Frank,Prisoner's Dilemma,0.556000
EEE#-Frank,EEE#-Frank,Prisoner's Dilemma,0.376000
EEE#-Frank,EEE#-Frank,Prisoner's Dilemma,0.460000
EEE#-Frank,EEE#-Frank,Prisoner's Dilemma,0.504000
EEE#-Frank,EEE#-Frank,Prisoner's Dilemma,0.328000
EEE#-Frank,EEE#-Frank,Prisoner's Dilemma,0.272000
EEE#-Frank,EEE#-Frank,Prisoner's Dilemma,0.600000
EEE#-Frank,EEE#-Frank,Prisoner's Dilemma,0.380000
EEE#-Frank,EEE#-Frank,Prisoner's Dilemma,0.544000
EEE#-Frank,EEE#-Frank,Prisoner's Dilemma,0.428000
EEE#-Frank,EEE#-Frank,Prisoner's Dilemma,0.780000
EEE#-Frank,EEE#-Frank,Prisoner's Dilemma,0.556000
EEE#-Frank,EEE#-Frank,Prisoner's Dilemma,0.332000
EEE#-Frank,EEE#-Frank,Prisoner's Dilemma,0.288000
EEE#-Frank,EEE#-Frank,Prisoner's Dilemma,0.736000
EEE#-Frank,EEE#-Frank,Prisoner's Dilemma,0.388000
EEE#-Frank,EEE#-Frank,Prisoner's Dilemma,0.680000
EEE#-Frank,EEE#-Frank,Prisoner's Dilemma,0.468000
EEE#-Frank,EEE#-Frank,Prisoner's Dilemma,0.696000
EEE#-Frank,EEE#-Frank,Prisoner's Dilemma,0.748000
EEE#-Frank,EEE#-Frank,Prisoner's Dilemma,0.464000
EEE#-Frank,EEE#-Frank,Prisoner's Dilemma,0.540000
EEE#-Frank,EEE#-Frank,Prisoner's Dilemma,0.564000
EEE#-Frank,EEE#-Frank,Prisoner's Dilemma,0.560000
EEE#-Frank,EEE#-Frank,Prisoner's Dilemma,0.524000
EEE#-Frank,EEE#-Frank,Prisoner's Dilemma,0.556000
EEE#-Frank,EEE#-Frank,Prisoner's Dilemma,0.532000
EEE#-Frank,EEE#-Frank,Prisoner's Dilemma,0.352000
EEE#-Frank,EEE#-Frank,Prisoner's Dilemma,0.348000
EEE#-Frank,EEE#-Frank,Prisoner's Dilemma,0.568000
EEE#-Frank,EEE#-Frank,Prisoner's Dilemma,0.600000
EEE#-Frank,EEE#-Frank,Prisoner's Dilemma,0.564000
EEE#-Frank,EEE#-Frank,Prisoner's Dilemma,0.364000
EEE#-Frank,EEE#-Frank,Prisoner's Dilemma,0.576000
EEE#-Frank,EEE#-Frank,Prisoner's Dilemma,0.564000
EEE#-Frank,EEE#-Frank,Prisoner's Dilemma,0.424000
EEE#-Frank,EEE#-Frank,Prisoner's Dilemma,0.480000
EEE#-Frank,EEE#-Frank,Prisoner's Dilemma,0.776000
EEE#-Frank,EEE#-Frank,Prisoner's Dilemma,0.472000
EEE#-Frank,EEE#-Frank,Prisoner's Dilemma,0.396000
EEE#-Frank,EEE#-Frank,Prisoner's Dilemma,0.368000
EEE#-Frank,EEE#-Frank,Prisoner's Dilemma,0.272000
EEE#-Frank,EEE#-Frank,Prisoner's Dilemma,0.252000
EEE#-Frank,EEE#-Frank,Prisoner's Dilemma,0.528000
EEE#-Frank,EEE#-Frank,Prisoner's Dilemma,0.520000
EEE#-Frank,EEE#-Frank,Prisoner's Dilemma,0.444000
EEE#-Frank,EEE#-Frank,Prisoner's Dilemma,0.588000
EEE#-Frank,EEE#-Frank,Prisoner's Dilemma,0.372000
EEE#-Frank,S#-Silent,Prisoner's Dilemma,0.348000
EEE#-Frank,S#-Silent,Prisoner's Dilemma,0.360000
EEE#-Frank,S#-Silent,Prisoner's Dilemma,0.448000
EEE#-Frank,S#-Silent,Prisoner's Dilemma,0.288000
EEE#-Frank,S#-Silent,Prisoner's Dilemma,0.304000
EEE#-Frank,S#-Silent,Prisoner's Dilemma,0.344000
EEE#-Frank,S#-Silent,Prisoner's Dilemma,0.456000
EEE#-Frank,S#-Silent,Prisoner's Dilemma,0.540000
EEE#-Frank,S#-Silent,Prisoner's Dilemma,0.404000
EEE#-Frank,S#-Silent,Prisoner's Dilemma,0.572000
EEE#-Frank,S#-Silent,Prisoner's Dilemma,0.288000
EEE#-Frank,S#-Silent,Prisoner's Dilemma,0.396000
EEE#-Frank,S#-Silent,Prisoner's Dilemma,0.280000
EEE#-Frank,S#-Silent,Prisoner's Dilemma,0.324000
EEE#-Frank,S#-Silent,Prisoner's Dilemma,0.300000
EEE#-Frank,S#-Silent,Prisoner's Dilemma,0.340000
EEE#-Frank,S#-Silent,Prisoner's Dilemma,0.348000
EEE#-Frank,S#-Silent,Prisoner's Dilemma,0.556000
EEE#-Frank,S#-Silent,Prisoner's Dilemma,0.264000
EEE#-Frank,S#-Silent,Prisoner's Dilemma,0.528000
EEE#-Frank,S#-Silent,Prisoner's Dilemma,0.412000
EEE#-Frank,S#-Silent,Prisoner's Dilemma,0.352000
EEE#-Frank,S#-Silent,Prisoner's Dilemma,0.304000
EEE#-Frank,S#-Silent,Prisoner's Dilemma,0.376000
EEE#-Frank,S#-Silent,Prisoner's Dilemma,0.532000
EEE#-Frank,S#-Silent,Prisoner's Dilemma,0.292000
EEE#-Frank,S#-Silent,Prisoner's Dilemma,0.372000
EEE#-Frank,S#-Silent,Prisoner's Dilemma,0.216000
EEE#-Frank,S#-Silent,Prisoner's Dilemma,0.356000
EEE#-Frank,S#-Silent,Prisoner's Dilemma,0.316000
EEE#-Frank,S#-Silent,Prisoner's Dilemma,0.280000
EEE#-Frank,S#-Silent,Prisoner's Dilemma,0.328000
EEE#-Frank,S#-Silent,Prisoner's Dilemma,0.452000
EEE#-Frank,S#-Silent,Prisoner's Dilemma,0.332000
EEE#-Frank,S#-Silent,Prisoner's Dilemma,0.316000
EEE#-Frank,S#-Silent,Prisoner's Dilemma,0.340000
EEE#-Frank,S#-Silent,Prisoner's Dilemma,0.460000
EEE#-Frank,S#-Silent,Prisoner's Dilemma,0.480000
EEE#-Frank,S#-Silent,Prisoner's Dilemma,0.204000
EEE#-Frank,S#-Silent,Prisoner's Dilemma,0.476000
EEE#-Frank,S#-Silent,Prisoner's Dilemma,0.476000
EEE#-Frank,S#-Silent,Prisoner's Dilemma,0.468000
EEE#-Frank,S#-Silent,Prisoner's Dilemma,0.368000
EEE#-Frank,S#-Silent,Prisoner's Dilemma,0.460000
EEE#-Frank,S#-Silent,Prisoner's Dilemma,0.452000
EEE#-Frank,S#-Silent,Prisoner's Dilemma,0.392000
EEE#-Frank,S#-Silent,Prisoner's Dilemma,0.432000
EEE#-Frank,S#-Silent,Prisoner's Dilemma,0.256000
EEE#-Frank,S#-Silent,Prisoner's Dilemma,0.460000
EEE#-Frank,S#-Silent,Prisoner's Dilemma,0.344000
EEE#-Frank,EEE#-Silent,Prisoner's Dilemma,0.484000
EEE#-Frank,EEE#-Silent,Prisoner's Dilemma,0.340000
EEE#-Frank,EEE#-Silent,Prisoner's Dilemma,0.616000
EEE#-Frank,EEE#-Silent,Prisoner's Dilemma,0.292000
EEE#-Frank,EEE#-Silent,Prisoner's Dilemma,0.336000
EEE#-Frank,EEE#-Silent,Prisoner's Dilemma,0.400000
EEE#-Frank,EEE#-Silent,Prisoner's Dilemma,0.596000
EEE#-Frank,EEE#-Silent,Prisoner's Dilemma,0.556000
EEE#-Frank,EEE#-Silent,Prisoner's Dilemma,0.392000
EEE#-Frank,EEE#-Silent,Prisoner's Dilemma,0.596000
EEE#-Frank,EEE#-Silent,Prisoner's Dilemma,0.312000
EEE#-Frank,EEE#-Silent,Prisoner's Dilemma,0.176000
EEE#-Frank,EEE#-Silent,Prisoner's Dilemma,0.440000
EEE#-Frank,EEE#-Silent,Prisoner's Dilemma,0.564000
EEE#-Frank,EEE#-Silent,Prisoner's Dilemma,0.548000
EEE#-Frank,EEE#-Silent,Prisoner's Dilemma,0.576000
EEE#-Frank,EEE#-Silent,Prisoner's Dilemma,0.492000
EEE#-Frank,EEE#-Silent,Prisoner's Dilemma,0.504000
EEE#-Frank,EEE#-Silent,Prisoner's Dilemma,0.484000
EEE#-Frank,EEE#-Silent,Prisoner's Dilemma,0.392000
EEE#-Frank,EEE#-Silent,Prisoner's Dilemma,0.568000
EEE#-Frank,EEE#-Silent,Prisoner's Dilemma,0.496000
EEE#-Frank,EEE#-Silent,Prisoner's Dilemma,0.592000
EEE#-Frank,EEE#-Silent,Prisoner's Dilemma,0.600000
EEE#-Frank,EEE#-Silent,Prisoner's Dilemma,0.496000
EEE#-Frank,EEE#-Silent,Prisoner's Dilemma,0.352000
EEE#-Frank,EEE#-Silent,Prisoner's Dilemma,0.472000
EEE#-Frank,EEE#-Silent,Prisoner's Dilemma,0.448000
EEE#-Frank,EEE#-Silent,Prisoner's Dilemma,0.520000
EEE#-Frank,EEE#-Silent,Prisoner's Dilemma,0.292000
EEE#-Frank,EEE#-Silent,Prisoner's Dilemma,0.396000
EEE#-Frank,EEE#-Silent,Prisoner's Dilemma,0.312000
EEE#-Frank,EEE#-Silent,Prisoner's Dilemma,0.620000
EEE#-Frank,EEE#-Silent,Prisoner's Dilemma,0.280000
EEE#-Frank,EEE#-Silent,Prisoner's Dilemma,0.260000
EEE#-Frank,EEE#-Silent,Prisoner's Dilemma,0.460000
EEE#-Frank,EEE#-Silent,Prisoner's Dilemma,0.440000
EEE#-Frank,EEE#-Silent,Prisoner's Dilemma,0.632000
EEE#-Frank,EEE#-Silent,Prisoner's Dilemma,0.496000
EEE#-Frank,EEE#-Silent,Prisoner's Dilemma,0.656000
EEE#-Frank,EEE#-Silent,Prisoner's Dilemma,0.516000
EEE#-Frank,EEE#-Silent,Prisoner's Dilemma,0.632000
EEE#-Frank,EEE#-Silent,Prisoner's Dilemma,0.504000
EEE#-Frank,EEE#-Silent,Prisoner's Dilemma,0.492000
EEE#-Frank,EEE#-Silent,Prisoner's Dilemma,0.416000
EEE#-Frank,EEE#-Silent,Prisoner's Dilemma,0.444000
EEE#-Frank,EEE#-Silent,Prisoner's Dilemma,0.376000
EEE#-Frank,EEE#-Silent,Prisoner's Dilemma,0.424000
EEE#-Frank,EEE#-Silent,Prisoner's Dilemma,0.600000
EEE#-Frank,EEE#-Silent,Prisoner's Dilemma,0.344000
S#-Frank,S#-Frank,Chicken,0.823200
S#-Frank,S#-Frank,Chicken,0.789600
S#-Frank,S#-Frank,Chicken,0.772800
S#-Frank,S#-Frank,Chicken,0.789600
S#-Frank,S#-Frank,Chicken,0.772800
S#-Frank,S#-Frank,Chicken,0.742400
S#-Frank,S#-Frank,Chicken,0.715467
S#-Frank,S#-Frank,Chicken,0.745867
S#-Frank,S#-Frank,Chicken,0.789600
S#-Frank,S#-Frank,Chicken,0.823200
S#-Frank,S#-Frank,Chicken,0.823200
S#-Frank,S#-Frank,Chicken,0.765867
S#-Frank,S#-Frank,Chicken,0.823200
S#-Frank,S#-Frank,Chicken,0.769067
S#-Frank,S#-Frank,Chicken,0.823200
S#-Frank,S#-Frank,Chicken,0.823200
S#-Frank,S#-Frank,Chicken,0.823200
S#-Frank,S#-Frank,Chicken,0.823200
S#-Frank,S#-Frank,Chicken,0.823200
S#-Frank,S#-Frank,Chicken,0.823200
S#-Frank,S#-Frank,Chicken,0.789600
S#-Frank,S#-Frank,Chicken,0.772800
S#-Frank,S#-Frank,Chicken,0.712267
S#-Frank,S#-Frank,Chicken,0.823200
S#-Frank,S#-Frank,Chicken,0.745867
S#-Frank,S#-Frank,Chicken,0.762667
S#-Frank,S#-Frank,Chicken,0.792800
S#-Frank,S#-Frank,Chicken,0.755733
S#-Frank,S#-Frank,Chicken,0.823200
S#-Frank,S#-Frank,Chicken,0.789600
S#-Frank,S#-Frank,Chicken,0.823200
S#-Frank,S#-Frank,Chicken,0.738933
S#-Frank,S#-Frank,Chicken,0.789600
S#-Frank,S#-Frank,Chicken,0.772800
S#-Frank,S#-Frank,Chicken,0.823200
S#-Frank,S#-Frank,Chicken,0.823200
S#-Frank,S#-Frank,Chicken,0.765867
S#-Frank,S#-Frank,Chicken,0.789600
S#-Frank,S#-Frank,Chicken,0.700800
S#-Frank,S#-Frank,Chicken,0.823200
S#-Frank,S#-Frank,Chicken,0.789600
S#-Frank,S#-Frank,Chicken,0.762667
S#-Frank,S#-Frank,Chicken,0.823200
S#-Frank,S#-Frank,Chicken,0.739200
S#-Frank,S#-Frank,Chicken,0.823200
S#-Frank,S#-Frank,Chicken,0.789600
S#-Frank,S#-Frank,Chicken,0.749067
S#-Frank,S#-Frank,Chicken,0.823200
S#-Frank,S#-Frank,Chicken,0.792800
S#-Frank,S#-Frank,Chicken,0.792800
S#-Frank,EEE#-Frank,Chicken,0.818133
S#-Frank,EEE#-Frank,Chicken,0.842933
S#-Frank,EEE#-Frank,Chicken,0.814933
S#-Frank,EEE#-Frank,Chicken,0.744267
S#-Frank,EEE#-Frank,Chicken,0.940000
S#-Frank,EEE#-Frank,Chicken,0.924000
S#-Frank,EEE#-Frank,Chicken,0.770133
S#-Frank,EEE#-Frank,Chicken,0.728000
S#-Frank,EEE#-Frank,Chicken,0.731467
S#-Frank,EEE#-Frank,Chicken,0.887200
S#-Frank,EEE#-Frank,Chicken,0.993600
S#-Frank,EEE#-Frank,Chicken,0.996800
S#-Frank,EEE#-Frank,Chicken,0.828000
S#-Frank,EEE#-Frank,Chicken,0.980000
S#-Frank,EEE#-Frank,Chicken,0.775733
S#-Frank,EEE#-Frank,Chicken,0.996800
S#-Frank,EEE#-Frank,Chicken,0.815200
S#-Frank,EEE#-Frank,Chicken,0.714667
S#-Frank,EEE#-Frank,Chicken,0.780000
S#-Frank,EEE#-Frank,Chicken,0.775200
S#-Frank,EEE#-Frank,Chicken,0.823200
S#-Frank,EEE#-Frank,Chicken,0.677333
S#-Frank,EEE#-Frank,Chicken,0.818133
S#-Frank,EEE#-Frank,Chicken,0.824267
S#-Frank,EEE#-Frank,Chicken,0.740800
S#-Frank,EEE#-Frank,Chicken,0.900000
S#-Frank,EEE#-Frank,Chicken,0.698667
S#-Frank,EEE#-Frank,Chicken,0.840000
S#-Frank,EEE#-Frank,Chicken,0.742133
S#-Frank,EEE#-Frank,Chicken,0.973600
S#-Frank,EEE#-Frank,Chicken,0.869867
S#-Frank,EEE#-Frank,Chicken,0.796267
S#-Frank,EEE#-Frank,Chicken,0.996800
S#-Frank,EEE#-Frank,Chicken,0.726667
S#-Frank,EEE#-Frank,Chicken,0.765867
S#-Frank,EEE#-Frank,Chicken,0.796267
S#-Frank,EEE#-Frank,Chicken,0.794933
S#-Frank,EEE#-Frank,Chicken,0.813067
S#-Frank,EEE#-Frank,Chicken,0.869867
S#-Frank,EEE#-Frank,Chicken,0.866400
S#-Frank,EEE#-Frank,Chicken,0.936800
S#-Frank,EEE#-Frank,Chicken,0.876267
S#-Frank,EEE#-Frank,Chicken,0.813067
S#-Frank,EEE#-Frank,Chicken,0.940000
S#-Frank,EEE#-Frank,Chicken,0.876000
S#-Frank,EEE#-Frank,Chicken,0.758933
S#-Frank,EEE#-Frank,Chicken,0.862667
S#-Frank,EEE#-Frank,Chicken,1.000000
S#-Frank,EEE#-Frank,Chicken,0.906400
S#-Frank,EEE#-Frank,Chicken,0.896000
S#-Frank,S#-Silent,Chicken,0.762400
S#-Frank,S#-Silent,Chicken,0.823200
S#-Frank,S#-Silent,Chicken,0.657067
S#-Frank,S#-Silent,Chicken,0.823200
S#-Frank,S#-Silent,Chicken,0.724800
S#-Frank,S#-Silent,Chicken,0.772800
S#-Frank,S#-Silent,Chicken,0.742400
S#-Frank,S#-Silent,Chicken,0.789600
S#-Frank,S#-Silent,Chicken,0.772800
S#-Frank,S#-Silent,Chicken,0.605333
S#-Frank,S#-Silent,Chicken,0.653600
S#-Frank,S#-Silent,Chicken,0.596000
S#-Frank,S#-Silent,Chicken,0.721867
S#-Frank,S#-Silent,Chicken,0.765333
S#-Frank,S#-Silent,Chicken,0.718400
S#-Frank,S#-Silent,Chicken,0.708000
S#-Frank,S#-Silent,Chicken,0.789600
S#-Frank,S#-Silent,Chicken,0.823200
S#-Frank,S#-Silent,Chicken,0.704800
S#-Frank,S#-Silent,Chicken,0.789600
S#-Frank,S#-Silent,Chicken,0.550667
S#-Frank,S#-Silent,Chicken,0.823200
S#-Frank,S#-Silent,Chicken,0.823200
S#-Frank,S#-Silent,Chicken,0.823200
S#-Frank,S#-Silent,Chicken,0.752267
S#-Frank,S#-Silent,Chicken,0.762667
S#-Frank,S#-Silent,Chicken,0.769067
S#-Frank,S#-Silent,Chicken,0.823200
S#-Frank,S#-Silent,Chicken,0.691733
S#-Frank,S#-Silent,Chicken,0.745867
S#-Frank,S#-Silent,Chicken,0.744800
S#-Frank,S#-Silent,Chicken,0.644533
S#-Frank,S#-Silent,Chicken,0.681067
S#-Frank,S#-Silent,Chicken,0.823200
S#-Frank,S#-Silent,Chicken,0.769067
S#-Frank,S#-Silent,Chicken,0.520800
S#-Frank,S#-Silent,Chicken,0.697600
S#-Frank,S#-Silent,Chicken,0.765867
S#-Frank,S#-Silent,Chicken,0.823200
S#-Frank,S#-Silent,Chicken,0.749067
S#-Frank,S#-Silent,Chicken,0.664800
S#-Frank,S#-Silent,Chicken,0.823200
S#-Frank,S#-Silent,Chicken,0.758400
S#-Frank,S#-Silent,Chicken,0.823200
S#-Frank,S#-Silent,Chicken,0.775200
S#-Frank,S#-Silent,Chicken,0.591200
S#-Frank,S#-Silent,Chicken,0.739200
S#-Frank,S#-Silent,Chicken,0.742400
S#-Frank,S#-Silent,Chicken,0.681867
S#-Frank,S#-Silent,Chicken,0.823200
S#-Frank,EEE#-Silent,Chicken,0.976800
S#-Frank,EEE#-Silent,Chicken,0.850133
S#-Frank,EEE#-Silent,Chicken,0.996800
S#-Frank,EEE#-Silent,Chicken,0.830133
S#-Frank,EEE#-Silent,Chicken,0.778933
S#-Frank,EEE#-Silent,Chicken,0.836800
S#-Frank,EEE#-Silent,Chicken,0.694667
S#-Frank,EEE#-Silent,Chicken,0.936800
S#-Frank,EEE#-Silent,Chicken,0.812800
S#-Frank,EEE#-Silent,Chicken,0.956800
S#-Frank,EEE#-Silent,Chicken,0.996800
S#-Frank,EEE#-Silent,Chicken,0.835200
S#-Frank,EEE#-Silent,Chicken,0.996800
S#-Frank,EEE#-Silent,Chicken,0.665067
S#-Frank,EEE#-Silent,Chicken,0.682400
S#-Frank,EEE#-Silent,Chicken,0.796267
S#-Frank,EEE#-Silent,Chicken,0.953600
S#-Frank,EEE#-Silent,Chicken,0.916800
S#-Frank,EEE#-Silent,Chicken,0.887200
S#-Frank,EEE#-Silent,Chicken,0.996800
S#-Frank,EEE#-Silent,Chicken,0.996800
S#-Frank,EEE#-Silent,Chicken,0.936800
S#-Frank,EEE#-Silent,Chicken,0.996800
S#-Frank,EEE#-Silent,Chicken,0.976800
S#-Frank,EEE#-Silent,Chicken,0.872533
S#-Frank,EEE#-Silent,Chicken,0.799467
S#-Frank,EEE#-Silent,Chicken,0.738933
S#-Frank,EEE#-Silent,Chicken,0.976800
S#-Frank,EEE#-Silent,Chicken,0.956800
S#-Frank,EEE#-Silent,Chicken,0.822400
S#-Frank,EEE#-Silent,Chicken,0.799200
S#-Frank,EEE#-Silent,Chicken,0.772533
S#-Frank,EEE#-Silent,Chicken,0.996800
S#-Frank,EEE#-Silent,Chicken,0.886400
S#-Frank,EEE#-Silent,Chicken,0.804533
S#-Frank,EEE#-Silent,Chicken,0.772267
S#-Frank,EEE#-Silent,Chicken,0.817600
S#-Frank,EEE#-Silent,Chicken,0.996800
S#-Frank,EEE#-Silent,Chicken,0.816267
S#-Frank,EEE#-Silent,Chicken,0.877600
S#-Frank,EEE#-Silent,Chicken,0.720533
S#-Frank,EEE#-Silent,Chicken,0.916800
S#-Frank,EEE#-Silent,Chicken,0.799467
S#-Frank,EEE#-Silent,Chicken,0.900000
S#-Frank,EEE#-Silent,Chicken,0.821600
S#-Frank,EEE#-Silent,Chicken,0.765867
S#-Frank,EEE#-Silent,Chicken,0.821867
S#-Frank,EEE#-Silent,Chicken,0.641333
S#-Frank,EEE#-Silent,Chicken,0.996800
S#-Frank,EEE#-Silent,Chicken,0.936800
EEE#-Frank,S#-Frank,Chicken,0.333333
EEE#-Frank,S#-Frank,Chicken,0.326666
EEE#-Frank,S#-Frank,Chicken,0.522666
EEE#-Frank,S#-Frank,Chicken,0.818933
EEE#-Frank,S#-Frank,Chicken,0.293333
EEE#-Frank,S#-Frank,Chicken,0.333333
EEE#-Frank,S#-Frank,Chicken,0.569866
EEE#-Frank,S#-Frank,Chicken,0.580000
EEE#-Frank,S#-Frank,Chicken,0.553066
EEE#-Frank,S#-Frank,Chicken,0.772533
EEE#-Frank,S#-Frank,Chicken,0.762400
EEE#-Frank,S#-Frank,Chicken,0.816267
EEE#-Frank,S#-Frank,Chicken,0.816267
EEE#-Frank,S#-Frank,Chicken,0.326933
EEE#-Frank,S#-Frank,Chicken,0.498667
EEE#-Frank,S#-Frank,Chicken,0.566400
EEE#-Frank,S#-Frank,Chicken,0.818933
EEE#-Frank,S#-Frank,Chicken,0.333333
EEE#-Frank,S#-Frank,Chicken,0.333333
EEE#-Frank,S#-Frank,Chicken,0.613333
EEE#-Frank,S#-Frank,Chicken,0.545867
EEE#-Frank,S#-Frank,Chicken,0.802400
EEE#-Frank,S#-Frank,Chicken,0.340266
EEE#-Frank,S#-Frank,Chicken,0.326666
EEE#-Frank,S#-Frank,Chicken,0.488000
EEE#-Frank,S#-Frank,Chicken,0.818933
EEE#-Frank,S#-Frank,Chicken,0.485333
EEE#-Frank,S#-Frank,Chicken,0.323466
EEE#-Frank,S#-Frank,Chicken,0.765867
EEE#-Frank,S#-Frank,Chicken,0.306666
EEE#-Frank,S#-Frank,Chicken,0.698133
EEE#-Frank,S#-Frank,Chicken,0.549333
EEE#-Frank,S#-Frank,Chicken,0.553066
EEE#-Frank,S#-Frank,Chicken,0.678133
EEE#-Frank,S#-Frank,Chicken,0.421600
EEE#-Frank,S#-Frank,Chicken,0.825867
EEE#-Frank,S#-Frank,Chicken,0.799200
EEE#-Frank,S#-Frank,Chicken,0.851467
EEE#-Frank,S#-Frank,Chicken,0.549333
EEE#-Frank,S#-Frank,Chicken,0.749067
EEE#-Frank,S#-Frank,Chicken,0.579733
EEE#-Frank,S#-Frank,Chicken,0.779467
EEE#-Frank,S#-Frank,Chicken,0.599733
EEE#-Frank,S#-Frank,Chicken,0.553066
EEE#-Frank,S#-Frank,Chicken,0.313600
EEE#-Frank,S#-Frank,Chicken,0.333600
EEE#-Frank,S#-Frank,Chicken,0.553067
EEE#-Frank,S#-Frank,Chicken,0.741600
EEE#-Frank,S#-Frank,Chicken,0.559733
EEE#-Frank,S#-Frank,Chicken,0.799200
EEE#-Frank,EEE#-Frank,Chicken,0.762133
EEE#-Frank,EEE#-Frank,Chicken,0.856000
EEE#-Frank,EEE#-Frank,Chicken,0.800800
EEE#-Frank,EEE#-Frank,Chicken,0.596267
EEE#-Frank,EEE#-Frank,Chicken,0.508800
EEE#-Frank,EEE#-Frank,Chicken,0.562933
EEE#-Frank,EEE#-Frank,Chicken,0.346933
EEE#-Frank,EEE#-Frank,Chicken,0.688000
EEE#-Frank,EEE#-Frank,Chicken,0.871733
EEE#-Frank,EEE#-Frank,Chicken,0.877600
EEE#-Frank,EEE#-Frank,Chicken,0.373866
EEE#-Frank,EEE#-Frank,Chicken,0.552800
EEE#-Frank,EEE#-Frank,Chicken,0.670400
EEE#-Frank,EEE#-Frank,Chicken,0.387733
EEE#-Frank,EEE#-Frank,Chicken,0.759200
EEE#-Frank,EEE#-Frank,Chicken,0.773600
EEE#-Frank,EEE#-Frank,Chicken,0.925600
EEE#-Frank,EEE#-Frank,Chicken,0.904000
EEE#-Frank,EEE#-Frank,Chicken,0.822400
EEE#-Frank,EEE#-Frank,Chicken,0.805600
EEE#-Frank,EEE#-Frank,Chicken,0.851200
EEE#-Frank,EEE#-Frank,Chicken,0.576267
EEE#-Frank,EEE#-Frank,Chicken,0.592800
EEE#-Frank,EEE#-Frank,Chicken,0.603467
EEE#-Frank,EEE#-Frank,Chicken,0.651200
EEE#-Frank,EEE#-Frank,Chicken,0.768000
EEE#-Frank,EEE#-Frank,Chicken,0.454933
EEE#-Frank,EEE#-Frank,Chicken,0.748533
EEE#-Frank,EEE#-Frank,Chicken,0.787200
EEE#-Frank,EEE#-Frank,Chicken,0.370133
EEE#-Frank,EEE#-Frank,Chicken,0.563200
EEE#-Frank,EEE#-Frank,Chicken,0.798667
EEE#-Frank,EEE#-Frank,Chicken,0.870667
EEE#-Frank,EEE#-Frank,Chicken,0.474933
EEE#-Frank,EEE#-Frank,Chicken,1.000000
EEE#-Frank,EEE#-Frank,Chicken,0.364000
EEE#-Frank,EEE#-Frank,Chicken,0.407466
EEE#-Frank,EEE#-Frank,Chicken,0.825067
EEE#-Frank,EEE#-Frank,Chicken,0.357066
EEE#-Frank,EEE#-Frank,Chicken,0.650133
EEE#-Frank,EEE#-Frank,Chicken,0.542667
EEE#-Frank,EEE#-Frank,Chicken,0.373866
EEE#-Frank,EEE#-Frank,Chicken,0.501333
EEE#-Frank,EEE#-Frank,Chicken,0.867467
EEE#-Frank,EEE#-Frank,Chicken,0.697867
EEE#-Frank,EEE#-Frank,Chicken,0.660000
EEE#-Frank,EEE#-Frank,Chicken,0.829333
EEE#-Frank,EEE#-Frank,Chicken,0.663467
EEE#-Frank,EEE#-Frank,Chicken,0.846667
EEE#-Frank,EEE#-Frank,Chicken,0.562667
EEE#-Frank,S#-Silent,Chicken,0.600000
EEE#-Frank,S#-Silent,Chicken,0.733333
EEE#-Frank,S#-Silent,Chicken,0.584800
EEE#-Frank,S#-Silent,Chicken,0.333333
EEE#-Frank,S#-Silent,Chicken,0.776000
EEE#-Frank,S#-Silent,Chicken,0.704267
EEE#-Frank,S#-Silent,Chicken,0.515467
EEE#-Frank,S#-Silent,Chicken,0.387200
EEE#-Frank,S#-Silent,Chicken,0.491467
EEE#-Frank,S#-Silent,Chicken,0.522667
EEE#-Frank,S#-Silent,Chicken,0.660533
EEE#-Frank,S#-Silent,Chicken,0.323466
EEE#-Frank,S#-Silent,Chicken,0.599200
EEE#-Frank,S#-Silent,Chicken,0.617067
EEE#-Frank,S#-Silent,Chicken,0.353600
EEE#-Frank,S#-Silent,Chicken,0.573066
EEE#-Frank,S#-Silent,Chicken,0.738133
EEE#-Frank,S#-Silent,Chicken,0.273333
EEE#-Frank,S#-Silent,Chicken,0.564267
EEE#-Frank,S#-Silent,Chicken,0.330133
EEE#-Frank,S#-Silent,Chicken,0.316800
EEE#-Frank,S#-Silent,Chicken,0.333333
EEE#-Frank,S#-Silent,Chicken,0.371200
EEE#-Frank,S#-Silent,Chicken,0.306666
EEE#-Frank,S#-Silent,Chicken,0.535733
EEE#-Frank,S#-Silent,Chicken,0.346933
EEE#-Frank,S#-Silent,Chicken,0.343466
EEE#-Frank,S#-Silent,Chicken,0.576533
EEE#-Frank,S#-Silent,Chicken,0.546133
EEE#-Frank,S#-Silent,Chicken,0.546133
EEE#-Frank,S#-Silent,Chicken,0.559467
EEE#-Frank,S#-Silent,Chicken,0.316800
EEE#-Frank,S#-Silent,Chicken,0.516000
EEE#-Frank,S#-Silent,Chicken,0.576267
EEE#-Frank,S#-Silent,Chicken,0.326666
EEE#-Frank,S#-Silent,Chicken,0.583200
EEE#-Frank,S#-Silent,Chicken,0.333333
EEE#-Frank,S#-Silent,Chicken,0.537867
EEE#-Frank,S#-Silent,Chicken,0.343466
EEE#-Frank,S#-Silent,Chicken,0.333600
EEE#-Frank,S#-Silent,Chicken,0.809333
EEE#-Frank,S#-Silent,Chicken,0.313333
EEE#-Frank,S#-Silent,Chicken,0.542933
EEE#-Frank,S#-Silent,Chicken,0.326933
EEE#-Frank,S#-Silent,Chicken,0.353600
EEE#-Frank,S#-Silent,Chicken,0.354133
EEE#-Frank,S#-Silent,Chicken,0.313600
EEE#-Frank,S#-Silent,Chicken,0.774933
EEE#-Frank,S#-Silent,Chicken,0.380533
EEE#-Frank,S#-Silent,Chicken,0.343466
EEE#-Frank,EEE#-Silent,Chicken,0.364266
EEE#-Frank,EEE#-Silent,Chicken,0.802400
EEE#-Frank,EEE#-Silent,Chicken,0.776267
EEE#-Frank,EEE#-Silent,Chicken,0.647733
EEE#-Frank,EEE#-Silent,Chicken,0.596800
EEE#-Frank,EEE#-Silent,Chicken,0.343733
EEE#-Frank,EEE#-Silent,Chicken,0.495733
EEE#-Frank,EEE#-Silent,Chicken,0.340533
EEE#-Frank,EEE#-Silent,Chicken,0.360533
EEE#-Frank,EEE#-Silent,Chicken,0.832267
EEE#-Frank,EEE#-Silent,Chicken,0.734667
EEE#-Frank,EEE#-Silent,Chicken,0.565600
EEE#-Frank,EEE#-Silent,Chicken,0.337066
EEE#-Frank,EEE#-Silent,Chicken,0.461866
EEE#-Frank,EEE#-Silent,Chicken,0.831467
EEE#-Frank,EEE#-Silent,Chicken,0.920000
EEE#-Frank,EEE#-Silent,Chicken,0.306933
EEE#-Frank,EEE#-Silent,Chicken,0.778933
EEE#-Frank,EEE#-Silent,Chicken,0.404266
EEE#-Frank,EEE#-Silent,Chicken,0.596800
EEE#-Frank,EEE#-Silent,Chicken,0.739200
EEE#-Frank,EEE#-Silent,Chicken,0.693867
EEE#-Frank,EEE#-Silent,Chicken,0.454933
EEE#-Frank,EEE#-Silent,Chicken,0.612000
EEE#-Frank,EEE#-Silent,Chicken,0.833067
EEE#-Frank,EEE#-Silent,Chicken,0.744800
EEE#-Frank,EEE#-Silent,Chicken,0.596267
EEE#-Frank,EEE#-Silent,Chicken,0.364000
EEE#-Frank,EEE#-Silent,Chicken,0.606667
EEE#-Frank,EEE#-Silent,Chicken,0.701067
EEE#-Frank,EEE#-Silent,Chicken,0.620267
EEE#-Frank,EEE#-Silent,Chicken,0.960000
EEE#-Frank,EEE#-Silent,Chicken,0.529600
EEE#-Frank,EEE#-Silent,Chicken,0.455200
EEE#-Frank,EEE#-Silent,Chicken,0.750133
EEE#-Frank,EEE#-Silent,Chicken,0.812800
EEE#-Frank,EEE#-Silent,Chicken,0.394133
EEE#-Frank,EEE#-Silent,Chicken,0.795467
EEE#-Frank,EEE#-Silent,Chicken,0.670400
EEE#-Frank,EEE#-Silent,Chicken,0.668267
EEE#-Frank,EEE#-Silent,Chicken,0.875200
EEE#-Frank,EEE#-Silent,Chicken,0.748533
EEE#-Frank,EEE#-Silent,Chicken,0.586667
EEE#-Frank,EEE#-Silent,Chicken,0.607200
EEE#-Frank,EEE#-Silent,Chicken,0.722400
EEE#-Frank,EEE#-Silent,Chicken,0.586666
EEE#-Frank,EEE#-Silent,Chicken,0.353600
EEE#-Frank,EEE#-Silent,Chicken,0.438133
EEE#-Frank,EEE#-Silent,Chicken,0.615467
EEE#-Frank,EEE#-Silent,Chicken,0.606933
S#-Frank,S#-Frank,Endless,0.953400
S#-Frank,S#-Frank,Endless,0.853400
S#-Frank,S#-Frank,Endless,0.953400
S#-Frank,S#-Frank,Endless,0.953200
S#-Frank,S#-Frank,Endless,0.980000
S#-Frank,S#-Frank,Endless,0.973400
S#-Frank,S#-Frank,Endless,0.953200
S#-Frank,S#-Frank,Endless,0.853400
S#-Frank,S#-Frank,Endless,0.993400
S#-Frank,S#-Frank,Endless,0.980000
S#-Frank,S#-Frank,Endless,0.980000
S#-Frank,S#-Frank,Endless,0.953200
S#-Frank,S#-Frank,Endless,0.953400
S#-Frank,S#-Frank,Endless,0.980000
S#-Frank,S#-Frank,Endless,0.953400
S#-Frank,S#-Frank,Endless,0.793200
S#-Frank,S#-Frank,Endless,0.980000
S#-Frank,S#-Frank,Endless,0.853400
S#-Frank,S#-Frank,Endless,0.953200
S#-Frank,S#-Frank,Endless,0.953400
S#-Frank,S#-Frank,Endless,0.953400
S#-Frank,S#-Frank,Endless,0.973400
S#-Frank,S#-Frank,Endless,0.993400
S#-Frank,S#-Frank,Endless,0.953200
S#-Frank,S#-Frank,Endless,0.973400
S#-Frank,S#-Frank,Endless,0.953400
S#-Frank,S#-Frank,Endless,0.953200
S#-Frank,S#-Frank,Endless,0.953200
S#-Frank,S#-Frank,Endless,0.953200
S#-Frank,S#-Frank,Endless,0.953200
S#-Frank,S#-Frank,Endless,0.953200
S#-Frank,S#-Frank,Endless,0.953400
S#-Frank,S#-Frank,Endless,0.993400
S#-Frank,S#-Frank,Endless,0.953200
S#-Frank,S#-Frank,Endless,0.953200
S#-Frank,S#-Frank,Endless,0.853400
S#-Frank,S#-Frank,Endless,0.953200
S#-Frank,S#-Frank,Endless,0.953200
S#-Frank,S#-Frank,Endless,0.853400
S#-Frank,S#-Frank,Endless,0.953200
S#-Frank,S#-Frank,Endless,0.793200
S#-Frank,S#-Frank,Endless,0.953200
S#-Frank,S#-Frank,Endless,0.853400
S#-Frank,S#-Frank,Endless,0.973400
S#-Frank,S#-Frank,Endless,0.993400
S#-Frank,S#-Frank,Endless,0.953200
S#-Frank,S#-Frank,Endless,0.953200
S#-Frank,S#-Frank,Endless,0.953200
S#-Frank,S#-Frank,Endless,0.980000
S#-Frank,S#-Frank,Endless,0.980000
S#-Frank,EEE#-Frank,Endless,0.820200
S#-Frank,EEE#-Frank,Endless,0.940200
S#-Frank,EEE#-Frank,Endless,0.933600
S#-Frank,EEE#-Frank,Endless,0.973200
S#-Frank,EEE#-Frank,Endless,0.727000
S#-Frank,EEE#-Frank,Endless,1.000000
S#-Frank,EEE#-Frank,Endless,0.900400
S#-Frank,EEE#-Frank,Endless,0.847000
S#-Frank,EEE#-Frank,Endless,0.933200
S#-Frank,EEE#-Frank,Endless,0.993400
S#-Frank,EEE#-Frank,Endless,0.793200
S#-Frank,EEE#-Frank,Endless,0.933200
S#-Frank,EEE#-Frank,Endless,0.847000
S#-Frank,EEE#-Frank,Endless,1.000000
S#-Frank,EEE#-Frank,Endless,0.926600
S#-Frank,EEE#-Frank,Endless,0.919800
S#-Frank,EEE#-Frank,Endless,0.933200
S#-Frank,EEE#-Frank,Endless,0.953200
S#-Frank,EEE#-Frank,Endless,1.000000
S#-Frank,EEE#-Frank,Endless,0.859800
S#-Frank,EEE#-Frank,Endless,1.000000
S#-Frank,EEE#-Frank,Endless,0.880200
S#-Frank,EEE#-Frank,Endless,0.966800
S#-Frank,EEE#-Frank,Endless,0.793800
S#-Frank,EEE#-Frank,Endless,0.880000
S#-Frank,EEE#-Frank,Endless,0.887000
S#-Frank,EEE#-Frank,Endless,0.913600
S#-Frank,EEE#-Frank,Endless,0.940000
S#-Frank,EEE#-Frank,Endless,0.966600
S#-Frank,EEE#-Frank,Endless,0.953400
S#-Frank,EEE#-Frank,Endless,0.960200
S#-Frank,EEE#-Frank,Endless,0.900200
S#-Frank,EEE#-Frank,Endless,0.933400
S#-Frank,EEE#-Frank,Endless,0.966600
S#-Frank,EEE#-Frank,Endless,1.000000
S#-Frank,EEE#-Frank,Endless,0.973400
S#-Frank,EEE#-Frank,Endless,0.714000
S#-Frank,EEE#-Frank,Endless,0.940000
S#-Frank,EEE#-Frank,Endless,1.000000
S#-Frank,EEE#-Frank,Endless,0.880000
S#-Frank,EEE#-Frank,Endless,0.953200
S#-Frank,EEE#-Frank,Endless,0.919800
S#-Frank,EEE#-Frank,Endless,0.813800
S#-Frank,EEE#-Frank,Endless,1.000000
S#-Frank,EEE#-Frank,Endless,0.940000
S#-Frank,EEE#-Frank,Endless,0.933200
S#-Frank,EEE#-Frank,Endless,1.000000
S#-Frank,EEE#-Frank,Endless,0.966800
S#-Frank,EEE#-Frank,Endless,0.933400
S#-Frank,EEE#-Frank,Endless,0.960200
S#-Frank,S#-Silent,Endless,0.993400
S#-Frank,S#-Silent,Endless,0.980000
S#-Frank,S#-Silent,Endless,0.793200
S#-Frank,S#-Silent,Endless,0.993400
S#-Frank,S#-Silent,Endless,0.993400
S#-Frank,S#-Silent,Endless,0.993400
S#-Frank,S#-Silent,Endless,0.980000
S#-Frank,S#-Silent,Endless,0.953200
S#-Frank,S#-Silent,Endless,0.853400
S#-Frank,S#-Silent,Endless,0.953200
S#-Frank,S#-Silent,Endless,0.953200
S#-Frank,S#-Silent,Endless,0.953200
S#-Frank,S#-Silent,Endless,0.953200
S#-Frank,S#-Silent,Endless,0.993400
S#-Frank,S#-Silent,Endless,0.953400
S#-Frank,S#-Silent,Endless,0.993400
S#-Frank,S#-Silent,Endless,0.793200
S#-Frank,S#-Silent,Endless,0.953400
S#-Frank,S#-Silent,Endless,0.953200
S#-Frank,S#-Silent,Endless,0.793200
S#-Frank,S#-Silent,Endless,0.853400
S#-Frank,S#-Silent,Endless,0.953400
S#-Frank,S#-Silent,Endless,0.973400
S#-Frank,S#-Silent,Endless,0.993400
S#-Frank,S#-Silent,Endless,0.993400
S#-Frank,S#-Silent,Endless,0.993400
S#-Frank,S#-Silent,Endless,0.993400
S#-Frank,S#-Silent,Endless,0.953200
S#-Frank,S#-Silent,Endless,0.953400
S#-Frank,S#-Silent,Endless,0.993400
S#-Frank,S#-Silent,Endless,0.973400
S#-Frank,S#-Silent,Endless,0.953400
S#-Frank,S#-Silent,Endless,0.953400
S#-Frank,S#-Silent,Endless,0.993400
S#-Frank,S#-Silent,Endless,0.980000
S#-Frank,S#-Silent,Endless,0.980000
S#-Frank,S#-Silent,Endless,0.793200
S#-Frank,S#-Silent,Endless,0.973400
S#-Frank,S#-Silent,Endless,0.973400
S#-Frank,S#-Silent,Endless,0.993400
S#-Frank,S#-Silent,Endless,0.793200
S#-Frank,S#-Silent,Endless,0.973400
S#-Frank,S#-Silent,Endless,0.953200
S#-Frank,S#-Silent,Endless,0.980000
S#-Frank,S#-Silent,Endless,0.980000
S#-Frank,S#-Silent,Endless,0.853400
S#-Frank,S#-Silent,Endless,0.953200
S#-Frank,S#-Silent,Endless,0.953200
S#-Frank,S#-Silent,Endless,0.973400
S#-Frank,S#-Silent,Endless,0.953400
S#-Frank,EEE#-Silent,Endless,0.759800
S#-Frank,EEE#-Silent,Endless,0.933400
S#-Frank,EEE#-Silent,Endless,0.993400
S#-Frank,EEE#-Silent,Endless,0.973400
S#-Frank,EEE#-Silent,Endless,0.953200
S#-Frank,EEE#-Silent,Endless,1.000000
S#-Frank,EEE#-Silent,Endless,0.840000
S#-Frank,EEE#-Silent,Endless,0.913200
S#-Frank,EEE#-Silent,Endless,0.853400
S#-Frank,EEE#-Silent,Endless,0.886800
S#-Frank,EEE#-Silent,Endless,0.946800
S#-Frank,EEE#-Silent,Endless,0.859800
S#-Frank,EEE#-Silent,Endless,0.766600
S#-Frank,EEE#-Silent,Endless,0.966600
S#-Frank,EEE#-Silent,Endless,0.793200
S#-Frank,EEE#-Silent,Endless,0.993400
S#-Frank,EEE#-Silent,Endless,0.966600
S#-Frank,EEE#-Silent,Endless,0.940000
S#-Frank,EEE#-Silent,Endless,1.000000
S#-Frank,EEE#-Silent,Endless,0.853800
S#-Frank,EEE#-Silent,Endless,0.906800
S#-Frank,EEE#-Silent,Endless,0.933400
S#-Frank,EEE#-Silent,Endless,0.973400
S#-Frank,EEE#-Silent,Endless,1.000000
S#-Frank,EEE#-Silent,Endless,0.940000
S#-Frank,EEE#-Silent,Endless,0.787000
S#-Frank,EEE#-Silent,Endless,0.960000
S#-Frank,EEE#-Silent,Endless,0.926800
S#-Frank,EEE#-Silent,Endless,0.966800
S#-Frank,EEE#-Silent,Endless,0.853200
S#-Frank,EEE#-Silent,Endless,0.726400
S#-Frank,EEE#-Silent,Endless,0.960000
S#-Frank,EEE#-Silent,Endless,0.920000
S#-Frank,EEE#-Silent,Endless,1.000000
S#-Frank,EEE#-Silent,Endless,0.913400
S#-Frank,EEE#-Silent,Endless,0.887000
S#-Frank,EEE#-Silent,Endless,0.853200
S#-Frank,EEE#-Silent,Endless,0.767000
S#-Frank,EEE#-Silent,Endless,0.960000
S#-Frank,EEE#-Silent,Endless,0.866800
S#-Frank,EEE#-Silent,Endless,0.920000
S#-Frank,EEE#-Silent,Endless,0.600400
S#-Frank,EEE#-Silent,Endless,0.953400
S#-Frank,EEE#-Silent,Endless,0.993400
S#-Frank,EEE#-Silent,Endless,0.913200
S#-Frank,EEE#-Silent,Endless,1.000000
S#-Frank,EEE#-Silent,Endless,0.906600
S#-Frank,EEE#-Silent,Endless,0.953400
S#-Frank,EEE#-Silent,Endless,0.826600
S#-Frank,EEE#-Silent,Endless,0.820000
EEE#-Frank,S#-Frank,Endless,0.793000
EEE#-Frank,S#-Frank,Endless,0.300000
EEE#-Frank,S#-Frank,Endless,0.679600
EEE#-Frank,S#-Frank,Endless,0.793200
EEE#-Frank,S#-Frank,Endless,0.726800
EEE#-Frank,S#-Frank,Endless,0.392600
EEE#-Frank,S#-Frank,Endless,0.933200
EEE#-Frank,S#-Frank,Endless,0.499400
EEE#-Frank,S#-Frank,Endless,0.786400
EEE#-Frank,S#-Frank,Endless,0.373200
EEE#-Frank,S#-Frank,Endless,0.466000
EEE#-Frank,S#-Frank,Endless,0.966800
EEE#-Frank,S#-Frank,Endless,0.333000
EEE#-Frank,S#-Frank,Endless,0.506000
EEE#-Frank,S#-Frank,Endless,0.446800
EEE#-Frank,S#-Frank,Endless,0.933200
EEE#-Frank,S#-Frank,Endless,0.739600
EEE#-Frank,S#-Frank,Endless,0.899800
EEE#-Frank,S#-Frank,Endless,0.793200
EEE#-Frank,S#-Frank,Endless,0.879800
EEE#-Frank,S#-Frank,Endless,0.986800
EEE#-Frank,S#-Frank,Endless,0.973400
EEE#-Frank,S#-Frank,Endless,0.686200
EEE#-Frank,S#-Frank,Endless,0.252200
EEE#-Frank,S#-Frank,Endless,0.986800
EEE#-Frank,S#-Frank,Endless,0.960000
EEE#-Frank,S#-Frank,Endless,0.632800
EEE#-Frank,S#-Frank,Endless,0.439800
EEE#-Frank,S#-Frank,Endless,0.339400
EEE#-Frank,S#-Frank,Endless,0.773200
EEE#-Frank,S#-Frank,Endless,0.513400
EEE#-Frank,S#-Frank,Endless,0.773200
EEE#-Frank,S#-Frank,Endless,0.319600
EEE#-Frank,S#-Frank,Endless,0.886800
EEE#-Frank,S#-Frank,Endless,0.940000
EEE#-Frank,S#-Frank,Endless,0.552800
EEE#-Frank,S#-Frank,Endless,0.446400
EEE#-Frank,S#-Frank,Endless,0.739600
EEE#-Frank,S#-Frank,Endless,0.953200
EEE#-Frank,S#-Frank,Endless,0.393000
EEE#-Frank,S#-Frank,Endless,0.366400
EEE#-Frank,S#-Frank,Endless,0.986800
EEE#-Frank,S#-Frank,Endless,0.446200
EEE#-Frank,S#-Frank,Endless,0.393000
EEE#-Frank,S#-Frank,Endless,0.386400
EEE#-Frank,S#-Frank,Endless,0.953200
EEE#-Frank,S#-Frank,Endless,0.966600
EEE#-Frank,S#-Frank,Endless,0.926600
EEE#-Frank,S#-Frank,Endless,0.926600
EEE#-Frank,S#-Frank,Endless,0.920000
EEE#-Frank,EEE#-Frank,Endless,0.647000
EEE#-Frank,EEE#-Frank,Endless,0.493200
EEE#-Frank,EEE#-Frank,Endless,0.560000
EEE#-Frank,EEE#-Frank,Endless,0.886800
EEE#-Frank,EEE#-Frank,Endless,0.506800
EEE#-Frank,EEE#-Frank,Endless,0.880200
EEE#-Frank,EEE#-Frank,Endless,0.913200
EEE#-Frank,EEE#-Frank,Endless,0.626600
EEE#-Frank,EEE#-Frank,Endless,0.966800
EEE#-Frank,EEE#-Frank,Endless,0.246600
EEE#-Frank,EEE#-Frank,Endless,1.000000
EEE#-Frank,EEE#-Frank,Endless,0.700200
EEE#-Frank,EEE#-Frank,Endless,0.586800
EEE#-Frank,EEE#-Frank,Endless,0.880200
EEE#-Frank,EEE#-Frank,Endless,0.866800
EEE#-Frank,EEE#-Frank,Endless,1.000000
EEE#-Frank,EEE#-Frank,Endless,0.973400
EEE#-Frank,EEE#-Frank,Endless,0.813400
EEE#-Frank,EEE#-Frank,Endless,0.693400
EEE#-Frank,EEE#-Frank,Endless,0.986800
EEE#-Frank,EEE#-Frank,Endless,0.459800
EEE#-Frank,EEE#-Frank,Endless,0.527200
EEE#-Frank,EEE#-Frank,Endless,0.773600
EEE#-Frank,EEE#-Frank,Endless,0.520200
EEE#-Frank,EEE#-Frank,Endless,1.000000
EEE#-Frank,EEE#-Frank,Endless,1.000000
EEE#-Frank,EEE#-Frank,Endless,1.000000
EEE#-Frank,EEE#-Frank,Endless,0.893600
EEE#-Frank,EEE#-Frank,Endless,0.600800
EEE#-Frank,EEE#-Frank,Endless,0.433200
EEE#-Frank,EEE#-Frank,Endless,0.500000
EEE#-Frank,EEE#-Frank,Endless,0.593600
EEE#-Frank,EEE#-Frank,Endless,0.693600
EEE#-Frank,EEE#-Frank,Endless,0.673400
EEE#-Frank,EEE#-Frank,Endless,0.893200
EEE#-Frank,EEE#-Frank,Endless,0.833400
EEE#-Frank,EEE#-Frank,Endless,0.626600
EEE#-Frank,EEE#-Frank,Endless,0.913400
EEE#-Frank,EEE#-Frank,Endless,0.820000
EEE#-Frank,EEE#-Frank,Endless,1.000000
EEE#-Frank,EEE#-Frank,Endless,1.000000
EEE#-Frank,EEE#-Frank,Endless,0.540000
EEE#-Frank,EEE#-Frank,Endless,0.580200
EEE#-Frank,EEE#-Frank,Endless,1.000000
EEE#-Frank,EEE#-Frank,Endless,0.573600
EEE#-Frank,EEE#-Frank,Endless,0.679600
EEE#-Frank,EEE#-Frank,Endless,1.000000
EEE#-Frank,EEE#-Frank,Endless,1.000000
EEE#-Frank,EEE#-Frank,Endless,1.000000
EEE#-Frank,EEE#-Frank,Endless,1.000000
EEE#-Frank,S#-Silent,Endless,0.353000
EEE#-Frank,S#-Silent,Endless,0.920200
EEE#-Frank,S#-Silent,Endless,0.493600
EEE#-Frank,S#-Silent,Endless,0.793200
EEE#-Frank,S#-Silent,Endless,0.880200
EEE#-Frank,S#-Silent,Endless,0.553400
EEE#-Frank,S#-Silent,Endless,0.933400
EEE#-Frank,S#-Silent,Endless,0.933400
EEE#-Frank,S#-Silent,Endless,0.593600
EEE#-Frank,S#-Silent,Endless,0.353000
EEE#-Frank,S#-Silent,Endless,0.687000
EEE#-Frank,S#-Silent,Endless,0.940000
EEE#-Frank,S#-Silent,Endless,0.218800
EEE#-Frank,S#-Silent,Endless,0.933400
EEE#-Frank,S#-Silent,Endless,0.933400
EEE#-Frank,S#-Silent,Endless,0.747000
EEE#-Frank,S#-Silent,Endless,0.527600
EEE#-Frank,S#-Silent,Endless,0.933400
EEE#-Frank,S#-Silent,Endless,0.980200
EEE#-Frank,S#-Silent,Endless,0.446400
EEE#-Frank,S#-Silent,Endless,0.946600
EEE#-Frank,S#-Silent,Endless,0.360400
EEE#-Frank,S#-Silent,Endless,0.313000
EEE#-Frank,S#-Silent,Endless,0.933400
EEE#-Frank,S#-Silent,Endless,0.580000
EEE#-Frank,S#-Silent,Endless,0.760000
EEE#-Frank,S#-Silent,Endless,0.860000
EEE#-Frank,S#-Silent,Endless,0.272800
EEE#-Frank,S#-Silent,Endless,0.933400
EEE#-Frank,S#-Silent,Endless,0.807200
EEE#-Frank,S#-Silent,Endless,0.534200
EEE#-Frank,S#-Silent,Endless,0.540400
EEE#-Frank,S#-Silent,Endless,0.414000
EEE#-Frank,S#-Silent,Endless,0.566600
EEE#-Frank,S#-Silent,Endless,0.813600
EEE#-Frank,S#-Silent,Endless,0.980200
EEE#-Frank,S#-Silent,Endless,0.887000
EEE#-Frank,S#-Silent,Endless,0.493400
EEE#-Frank,S#-Silent,Endless,0.933400
EEE#-Frank,S#-Silent,Endless,0.933400
EEE#-Frank,S#-Silent,Endless,0.353000
EEE#-Frank,S#-Silent,Endless,0.806400
EEE#-Frank,S#-Silent,Endless,0.359800
EEE#-Frank,S#-Silent,Endless,0.500400
EEE#-Frank,S#-Silent,Endless,0.739800
EEE#-Frank,S#-Silent,Endless,0.353200
EEE#-Frank,S#-Silent,Endless,0.946600
EEE#-Frank,S#-Silent,Endless,0.860400
EEE#-Frank,S#-Silent,Endless,0.506800
EEE#-Frank,S#-Silent,Endless,0.933400
EEE#-Frank,EEE#-Silent,Endless,0.853400
EEE#-Frank,EEE#-Silent,Endless,0.707200
EEE#-Frank,EEE#-Silent,Endless,0.626800
EEE#-Frank,EEE#-Silent,Endless,0.726600
EEE#-Frank,EEE#-Silent,Endless,0.580000
EEE#-Frank,EEE#-Silent,Endless,0.633000
EEE#-Frank,EEE#-Silent,Endless,0.673400
EEE#-Frank,EEE#-Silent,Endless,0.574200
EEE#-Frank,EEE#-Silent,Endless,0.506600
EEE#-Frank,EEE#-Silent,Endless,0.446800
EEE#-Frank,EEE#-Silent,Endless,0.820000
EEE#-Frank,EEE#-Silent,Endless,0.926600
EEE#-Frank,EEE#-Silent,Endless,0.540200
EEE#-Frank,EEE#-Silent,Endless,0.793600
EEE#-Frank,EEE#-Silent,Endless,0.733600
EEE#-Frank,EEE#-Silent,Endless,0.920200
EEE#-Frank,EEE#-Silent,Endless,0.546800
EEE#-Frank,EEE#-Silent,Endless,0.614000
EEE#-Frank,EEE#-Silent,Endless,0.573600
EEE#-Frank,EEE#-Silent,Endless,0.606800
EEE#-Frank,EEE#-Silent,Endless,0.960000
EEE#-Frank,EEE#-Silent,Endless,0.960400
EEE#-Frank,EEE#-Silent,Endless,0.540200
EEE#-Frank,EEE#-Silent,Endless,0.507200
EEE#-Frank,EEE#-Silent,Endless,0.706600
EEE#-Frank,EEE#-Silent,Endless,0.526600
EEE#-Frank,EEE#-Silent,Endless,0.520000
EEE#-Frank,EEE#-Silent,Endless,0.980200
EEE#-Frank,EEE#-Silent,Endless,1.000000
EEE#-Frank,EEE#-Silent,Endless,1.000000
EEE#-Frank,EEE#-Silent,Endless,0.640000
EEE#-Frank,EEE#-Silent,Endless,0.966600
EEE#-Frank,EEE#-Silent,Endless,1.000000
EEE#-Frank,EEE#-Silent,Endless,0.520000
EEE#-Frank,EEE#-Silent,Endless,0.333800
EEE#-Frank,EEE#-Silent,Endless,0.866800
EEE#-Frank,EEE#-Silent,Endless,0.379800
EEE#-Frank,EEE#-Silent,Endless,0.620000
EEE#-Frank,EEE#-Silent,Endless,0.593400
EEE#-Frank,EEE#-Silent,Endless,0.980200
EEE#-Frank,EEE#-Silent,Endless,0.669600
EEE#-Frank,EEE#-Silent,Endless,0.860200
EEE#-Frank,EEE#-Silent,Endless,0.520000
EEE#-Frank,EEE#-Silent,Endless,0.292800
EEE#-Frank,EEE#-Silent,Endless,0.466400
EEE#-Frank,EEE#-Silent,Endless,0.553400
EEE#-Frank,EEE#-Silent,Endless,0.860200
EEE#-Frank,EEE#-Silent,Endless,0.560000
EEE#-Frank,EEE#-Silent,Endless,0.980200
EEE#-Frank,EEE#-Silent,Endless,0.586600
